-- MySQL dump 10.13  Distrib 9.3.0, for Win64 (x86_64)
--
-- Host: localhost    Database: transportcompany
-- ------------------------------------------------------
-- Server version	9.3.0

/*!40101 SET @OLD_CHARACTER_SET_CLIENT=@@CHARACTER_SET_CLIENT */;
/*!40101 SET @OLD_CHARACTER_SET_RESULTS=@@CHARACTER_SET_RESULTS */;
/*!40101 SET @OLD_COLLATION_CONNECTION=@@COLLATION_CONNECTION */;
/*!50503 SET NAMES utf8mb4 */;
/*!40103 SET @OLD_TIME_ZONE=@@TIME_ZONE */;
/*!40103 SET TIME_ZONE='+00:00' */;
/*!40014 SET @OLD_UNIQUE_CHECKS=@@UNIQUE_CHECKS, UNIQUE_CHECKS=0 */;
/*!40014 SET @OLD_FOREIGN_KEY_CHECKS=@@FOREIGN_KEY_CHECKS, FOREIGN_KEY_CHECKS=0 */;
/*!40101 SET @OLD_SQL_MODE=@@SQL_MODE, SQL_MODE='NO_AUTO_VALUE_ON_ZERO' */;
/*!40111 SET @OLD_SQL_NOTES=@@SQL_NOTES, SQL_NOTES=0 */;

--
-- Table structure for table `client`
--

DROP TABLE IF EXISTS `client`;
/*!40101 SET @saved_cs_client     = @@character_set_client */;
/*!50503 SET character_set_client = utf8mb4 */;
CREATE TABLE `client` (
  `client_id` int NOT NULL AUTO_INCREMENT,
  `client_type` varchar(50) NOT NULL,
  `name_` varchar(200) NOT NULL,
  `contact_person` varchar(200) NOT NULL,
  `phone` varchar(50) NOT NULL,
  `email` varchar(200) NOT NULL,
  PRIMARY KEY (`client_id`),
  UNIQUE KEY `unique_email` (`email`)
) ENGINE=InnoDB AUTO_INCREMENT=633 DEFAULT CHARSET=utf8mb4 COLLATE=utf8mb4_0900_ai_ci;
/*!40101 SET character_set_client = @saved_cs_client */;

--
-- Dumping data for table `client`
--

LOCK TABLES `client` WRITE;
/*!40000 ALTER TABLE `client` DISABLE KEYS */;
INSERT INTO `client` VALUES (1,'Company','ТОВ АВС Транспорт','Іван Іваненко','+380501112201','ivan.ivanenko@example.com'),(2,'Individual','Петро Петренко','Петро Петренко','+380501112202','petro.petrenko@example.com'),(3,'Company','ТОВ Логістик Плюс','Марія Ковальчук','+380501112203','maria.kovalchuk@example.com'),(4,'Individual','Олена Савчук','Олена Савчук','+380501112204','olena.savchuk@example.com'),(5,'Company','ТрансКомпані','Андрій Лисенко','+380501112205','andriy.lysenko@example.com'),(6,'Individual','Віталій Шевченко','Віталій Шевченко','+380501112206','vitaliy.shevchenko@example.com'),(7,'Company','Логістик Сервіс','Наталія Поліщук','+380501112207','natalia.polishchuk@example.com'),(8,'Individual','Тетяна Мороз','Тетяна Мороз','+380501112208','tatyana.moroz@example.com'),(9,'Company','Доставка Плюс','Ігор Ткаченко','+380501112209','igor.tkachenko@example.com'),(10,'Individual','Софія Петренко','Софія Петренко','+380501112210','sofia.petrenko@example.com'),(11,'Company','ТОВ Транспорт 24/7','Каріна Степаненко','+380501112261','karina.stepanenko.client@example.com'),(12,'Individual','Леонід Кучер','Леонід Кучер','+380501112262','leonid.kucher.ua@example.com'),(13,'Company','ПП Шляхи Світу','Марина Блаженко','+380501112263','maryna.blazhenko.ltd@example.com'),(14,'Individual','Наталія Рибак','Наталія Рибак','+380501112264','nataliia.rybak.ind@example.com'),(15,'Company','ТОВ Логіст Експрес','Олеся Шульга','+380501112265','olesia.shulha.log@example.com'),(16,'Individual','Петро Тимошенко','Петро Тимошенко','+380501112266','petro.tymoshenko.ua@example.com'),(17,'Company','ПП Чумацький Шлях','Раїса Чумак','+380501112267','raisa.chumak.pp@example.com'),(18,'Individual','Сергій Яковенко','Сергій Яковенко','+380501112268','serhii.yakovenko.i@example.com'),(19,'Company','ТОВ Залізничні Перевезення','Тетяна Федоренко','+380501112269','tetiana.fedorenko.rail@example.com'),(20,'Individual','Уляна Вовк','Уляна Вовк','+380501112270','uliana.vovk.private@example.com'),(21,'Company','ПП АгроПартнер','Філіп Голуб','+380501112271','filip.holub.agro@example.com'),(22,'Individual','Ярослав Кривенко','Ярослав Кривенко','+380501112272','yaroslav.kryvenko.ua@example.com'),(23,'Company','ТОВ ХімТранс','Христина Левченко','+380501112273','khrystyna.levchenko.chem@example.com'),(24,'Individual','Зіновій Дмитрук','Зіновій Дмитрук','+380501112274','zinoviy.dmytruk.indiv@example.com'),(25,'Company','ПП ЄвроСклад','Юлія Ковальчук','+380501112275','yuliia.kovalchuk.wh@example.com'),(26,'Individual','Аліна Бойко','Аліна Бойко','+380501112276','alina.boiko.client@example.com'),(27,'Company','ТОВ ФастЛогістик','Богдан Гриценко','+380501112277','bohdan.hrytsenko.fast@example.com'),(28,'Individual','Валентина Мельник','Валентина Мельник','+380501112278','valentyna.melnyk.i@example.com'),(29,'Company','ПП БудМатеріал','Григорій Осадчук','+380501112279','hryhoriy.osadchuk.bld@example.com'),(30,'Individual','Дмитро Клименко','Дмитро Клименко','+380501112280','dmytro.klymenko.private@example.com'),(31,'Company','ТОВ Модуль-Сервіс','Єлизавета Потапчук','+380501112281','yelyzaveta.potapchuk.ms@example.com'),(32,'Individual','Жанна Скорик','Жанна Скорик','+380501112282','zhanna.skoryk.client@example.com'),(33,'Company','ПП АвтоЛідер','Захар Іваненко','+380501112283','zakhar.ivanenko.auto@example.com'),(34,'Individual','Іван Козоріз','Іван Козоріз','+380501112284','ivan.kozoriz.indiv@example.com'),(35,'Company','ТОВ Оптова База','Ксенія Олійник','+380501112285','kseniia.oliinyk.opt@example.com'),(36,'Individual','Лариса Гордійчук','Лариса Гордійчук','+380501112286','larysa.hordiichuk.i@example.com'),(37,'Company','ПП Рішення','Михайло Коваль','+380501112287','mykhailo.koval.sol@example.com'),(38,'Individual','Надія Бережна','Надія Бережна','+380501112288','nadiia.berezhna.client@example.com'),(39,'Company','ТОВ СпецТехніка','Олексій Шевчук','+380501112289','oleksiy.shevchuk.st@example.com'),(40,'Individual','Павло Заболотний','Павло Заболотний','+380501112290','pavlo.zabolotnyy.ua@example.com'),(41,'Company','ПП Перевізник','Римма Гончарова','+380501112291','rymma.honcharova.pr@example.com'),(42,'Company','ТОВ Міська Доставка','Тамара Морозюк','+380501112293','tamara.moroziuk.city@example.com'),(43,'Company','ПП ІнтерТранс','Валентин Лисенко','+380501112295','valentyn.lysenko.it@example.com'),(44,'Individual','Злата Романенко','Злата Романенко','+380501112296','zlata.romanenko.client@example.com'),(45,'Company','ТОВ Північний Логіст','Андрій Корольчук','+380501112297','andriy.korolchuk.north@example.com'),(46,'Individual','Вікторія Баран','Вікторія Баран','+380501112298','viktoriia.baran.i@example.com'),(47,'Company','ПП АвіаКарго','Генадій Костенко','+380501112299','henadii.kostenko.air@example.com'),(48,'Individual','Дар\'я Мороз','Дар\'я Мороз','+380501112300','daria.moroz.indiv@example.com'),(49,'Company','ТОВ ЕнергоТранс','Єгор Шевченко','+380501112301','yehor.shevchenko.en@example.com'),(50,'Individual','Жан Соловйов','Жан Соловйов','+380501112302','zhan.solovyov.i@example.com'),(51,'Company','ПП Логістика 3000','Ірина Данильченко','+380501112303','iryna.danylchenko.3k@example.com'),(52,'Individual','Кіра Фролова','Кіра Фролова','+380501112304','kira.frolova.client@example.com'),(53,'Company','ТОВ АвтоШлях','Лев Гнатюк','+380501112305','lev.hnatiuk.auto@example.com'),(54,'Individual','Майя Стецюк','Майя Стецюк','+380501112306','maiia.stetsiuk.i@example.com'),(55,'Company','ПП ТехноБуд','Нікіта Самойленко','+380501112307','nikita.samoilenko.tech@example.com'),(56,'Individual','Олеся Климова','Олеся Климова','+380501112308','olesia.klymova.client@example.com'),(57,'Company','ТОВ АгроСервіс Плюс','Павло Волошин','+380501112309','pavlo.voloshyn.agr@example.com'),(58,'Individual','Роман Зайцев','Роман Зайцев','+380501112310','roman.zaitsev.indiv@example.com'),(59,'Company','ПП Експрес Карго Плюс','Софія Коваленко','+380501112311','sofiia.kovalenko.exp@example.com'),(60,'Individual','Тарас Швець','Тарас Швець','+380501112312','taras.shvets.client@example.com'),(61,'Company','ТОВ УніверсалТранс','Уляна Карпенко','+380501112313','uliana.karpenko.univ@example.com'),(62,'Individual','Федір Могила','Федір Могила','+380501112314','fedir.mohyla.indiv@example.com'),(63,'Company','ПП Рітейл Дистриб\'юшн','Христина Литвин','+380501112315','khrystyna.lytvyn.ret@example.com'),(64,'Individual','Яків Чуприна','Яків Чуприна','+380501112316','yakiv.chupryna.ua@example.com'),(65,'Company','ТОВ АвтоСфера','Алла Бойчук','+380501112317','alla.boichuk.auto@example.com'),(66,'Individual','Борис Горбач','Борис Горбач','+380501112318','borys.horbach.i@example.com'),(67,'Company','ПП ЄвроБуд','Віра Михайлова','+380501112319','vira.mykhailova.build@example.com'),(68,'Individual','Гліб Соколов','Гліб Соколов','+380501112320','hlib.sokolov.client@example.com'),(69,'Company','ТОВ Техніка Руху','Дарина Попова','+380501112321','daryna.popova.tech@example.com'),(70,'Individual','Євгенія Костенко','Євгенія Костенко','+380501112322','yevheniia.kostenko.indiv@example.com'),(71,'Company','ПП Дорожній Ремонт','Жорж Іванов','+380501112323','zhorzh.ivanov.road@example.com'),(72,'Individual','Зоряна Кушнір','Зоряна Кушнір','+380501112324','zoryana.kushnir.i@example.com'),(73,'Company','ТОВ Східний Вітер','Іван Мельник','+380501112325','ivan.melnyk.east@example.com'),(74,'Individual','Катерина Шевчук','Катерина Шевчук','+380501112326','kateryna.shevchuk.client@example.com'),(75,'Company','ПП Аграрні Технології','Леонід Василенко','+380501112327','leonid.vasylenko.agr@example.com'),(76,'Individual','Марія Савчук','Марія Савчук','+380501112328','mariia.savchuk.i@example.com'),(77,'Company','ТОВ Міжнародний Транзит','Назар Ткаченко','+380501112329','nazar.tkachenko.int@example.com'),(78,'Individual','Оксана Ковальчук','Оксана Ковальчук','+380501112330','oksana.kovalchuk.indiv@example.com'),(79,'Company','ПП СпецВантаж','Петро Осадчий','+380501112331','petro.osadchyi.sp@example.com'),(80,'Individual','Римма Кравчук','Римма Кравчук','+380501112332','rymma.kravchuk.client@example.com'),(81,'Company','ТОВ Харчова Логістика','Сергій Гончар','+380501112333','serhiy.honchar.food@example.com'),(82,'Individual','Тетяна Бабенко','Тетяна Бабенко','+380501112334','tetiana.babenko.i@example.com'),(83,'Company','ПП Будівельний Альянс','Устим Чумак','+380501112335','ustym.chumak.build@example.com'),(84,'Individual','Флоріан Павленко','Флоріан Павленко','+380501112336','florian.pavlenko.indiv@example.com'),(85,'Company','ТОВ ІнтерПорт','Анжела Сидоренко','+380501112337','anzhela.sydorenko.port@example.com'),(86,'Individual','Владислав Кривенко','Владислав Кривенко','+380501112338','vladyslav.kryvenko.client@example.com'),(87,'Company','ПП МеталТранс','Наталія Бойко','+380501112339','nataliia.boiko.metal@example.com'),(88,'Individual','Олег Демченко','Олег Демченко','+380501112340','oleh.demchenko.i@example.com'),(89,'Company','ТОВ УкрПошта Логістик','Жанна Петренко','+380501112341','zhanna.petrenko.upl@example.com'),(90,'Individual','Олександр Мирончук','Олександр Мирончук','+380501112342','oleksandr.myronchuk.i@example.com'),(91,'Company','ПП ФруктЕкспорт','Богдан Шевчук','+380501112343','bohdan.shevchuk.fruit@example.com'),(92,'Individual','Вікторія Заїка','Вікторія Заїка','+380501112344','viktoriia.zayika.client@example.com'),(93,'Company','ТОВ АвтоГаз Сервіс','Генадій Власенко','+380501112345','henadii.vlasenko.gas@example.com'),(94,'Individual','Дмитро Мельник','Дмитро Мельник','+380501112346','dmytro.melnyk.i@example.com'),(95,'Company','ПП Лісові Ресурси','Євген Костенко','+380501112347','yevhen.kostenko.forest@example.com'),(96,'Individual','Зоряна Романюк','Зоряна Романюк','+380501112348','zoryana.romanyuk.indiv@example.com'),(97,'Company','ТОВ Логістичний Центр \'К\'','Ігор Савчук','+380501112349','igor.savchuk.lc@example.com'),(98,'Individual','Катерина Поліщук','Катерина Поліщук','+380501112350','kateryna.polishchuk.client@example.com'),(99,'Company','ПП Хімічна Промисловість','Леонід Ткаченко','+380501112351','leonid.tkachenko.chem@example.com'),(100,'Individual','Марина Коваль','Марина Коваль','+380501112352','maryna.koval.i@example.com'),(101,'Company','ТОВ Авіаційні Послуги','Назар Демчук','+380501112353','nazar.demchuk.avia@example.com'),(102,'Individual','Оксана Кулик','Оксана Кулик','+380501112354','oksana.kulyk.indiv@example.com'),(103,'Company','ПП ТрансЗахід','Петро Бойко','+380501112355','petro.boiko.west@example.com'),(104,'Individual','Роман Левченко','Роман Левченко','+380501112356','roman.levchenko.client@example.com'),(105,'Company','ТОВ Аграрний Холдинг','Світлана Мороз','+380501112357','svitlana.moroz.agro@example.com'),(106,'Individual','Тимофій Павлюк','Тимофій Павлюк','+380501112358','tymofiy.pavliuk.i@example.com'),(107,'Company','ПП Комунальні Системи','Юрій Коваленко','+380501112359','yurii.kovalenko.com@example.com'),(108,'Individual','Яна Дмитрук','Яна Дмитрук','+380501112360','yana.dmytruk.indiv@example.com'),(109,'Company','ТОВ Горизонт Груп','Алла Бондар','+380501112361','alla.bondar.hg@example.com'),(110,'Individual','Богдан Шевчук','Богдан Шевчук','+380501112362','bohdan.shevchuk.client@example.com'),(111,'Company','ПП Промисловий Сервіс','Валентина Коваль','+380501112363','valentyna.koval.ps@example.com'),(112,'Individual','Ганна Морозюк','Ганна Морозюк','+380501112364','hanna.moroziuk.indiv@example.com'),(113,'Company','ТОВ ЗахідВантаж','Дмитро Сидоренко','+380501112365','dmytro.sydorenko.zv@example.com'),(114,'Individual','Едуард Лисенко','Едуард Лисенко','+380501112366','eduard.lysenko.client@example.com'),(115,'Company','ПП Транзит Плюс','Жанна Петрова','+380501112367','zhanna.petrova.tp@example.com'),(116,'Individual','Зінаїда Горбач','Зінаїда Горбач','+380501112368','zinaida.horbach.indiv@example.com'),(117,'Company','ТОВ Логістичний Партнер','Ігор Яковенко','+380501112369','ihor.yakovenko.lp@example.com'),(118,'Individual','Катерина Ткачук','Катерина Ткачук','+380501112370','kateryna.tkachuk.client@example.com'),(119,'Company','ПП ТехноСнаб','Леонід Білик','+380501112371','leonid.bilyk.ts@example.com'),(120,'Individual','Марія Олійник','Марія Олійник','+380501112372','mariia.oliinyk.indiv@example.com'),(121,'Company','ТОВ БудЕксперт','Назар Кравець','+380501112373','nazar.kravets.be@example.com'),(122,'Individual','Ольга Кириленко','Ольга Кириленко','+380501112374','olha.kyrylenko.client@example.com'),(123,'Company','ПП Екологічний Транспорт','Петро Зайцев','+380501112375','petro.zaitsev.et@example.com'),(124,'Individual','Раїса Власенко','Раїса Власенко','+380501112376','raisa.vlasenko.indiv@example.com'),(125,'Company','ТОВ ФармДистриб\'юшн','Сергій Ковальчук','+380501112377','serhii.kovalchuk.fd@example.com'),(126,'Individual','Тетяна Бондарчук','Тетяна Бондарчук','+380501112378','tetiana.bondarchuk.client@example.com'),(127,'Company','ПП ІмпортЕкспорт','Устим Осадчий','+380501112379','ustym.osadchyi.ie@example.com'),(128,'Individual','Христина Мороз','Христина Мороз','+380501112380','khrystyna.moroz.indiv@example.com'),(129,'Company','ТОВ Міська Логістика','Юлія Палій','+380501112381','yuliia.palii.ml@example.com'),(130,'Individual','Ярослав Руденко','Ярослав Руденко','+380501112382','yaroslav.rudenko.client@example.com'),(131,'Company','ПП АгроПродукт','Андрій Ткаченко','+380501112383','andriy.tkachenko.ap@example.com'),(132,'Individual','Вікторія Шевчук','Вікторія Шевчук','+380501112384','viktoriia.shevchuk.indiv@example.com'),(133,'Company','ТОВ АвтоОпт','Григорій Бондар','+380501112385','hryhoriy.bondar.ao@example.com'),(134,'Individual','Дар\'я Кравченко','Дар\'я Кравченко','+380501112386','daria.kravchenko.client@example.com'),(135,'Company','ПП ЄвроДорога','Євгенія Гуменюк','+380501112387','yevheniia.humenyuk.ed@example.com'),(136,'Individual','Зінаїда Кирилюк','Зінаїда Кирилюк','+380501112388','zinaida.kyryliuk.indiv@example.com'),(137,'Company','ТОВ Залізнична Доставка','Ігор Савченко','+380501112389','ihor.savchenko.zd@example.com'),(138,'Individual','Катерина Мельник','Катерина Мельник','+380501112390','kateryna.melnyk.client@example.com'),(139,'Company','ПП Будівельна Технологія','Леонід Поліщук','+380501112391','leonid.polishchuk.bt@example.com'),(140,'Individual','Марина Ковальчук','Марина Ковальчук','+380501112392','maryna.kovalchuk.indiv@example.com'),(141,'Company','ТОВ НафтоТрейд','Назар Бойко','+380501112393','nazar.boiko.nt@example.com'),(142,'Individual','Ольга Левченко','Ольга Левченко','+380501112394','olha.levchenko.client@example.com'),(143,'Company','ПП ЕнергоСистеми','Петро Ткаченко','+380501112395','petro.tkachenko.es@example.com'),(144,'Company','ТОВ Складські Рішення','Сергій Кириленко','+380501112397','serhiy.kyrylenko.sr@example.com'),(145,'Individual','Тетяна Савчук','Тетяна Савчук','+380501112398','tetiana.savchuk.client@example.com'),(146,'Company','ПП Водний Транспорт','Устим Олійник','+380501112399','ustym.oliinyk.wt@example.com'),(147,'Individual','Христина Бондар','Христина Бондар','+380501112400','khrystyna.bondar.indiv@example.com'),(148,'Company','ТОВ Міжнародні Послуги','Юлія Кузьменко','+380501112401','yuliia.kuzmenko.mp@example.com'),(149,'Company','ПП Сільськогосподарська Техніка','Артем Гончар','+380501112403','artem.honchar.st@example.com'),(150,'Company','ТОВ Вантажний Термінал','Григорій Шевчук','+380501112405','hryhoriy.shevchuk.vt@example.com'),(151,'Company','ПП Логістичні Проекти','Євген Ковальчук','+380501112407','yevhen.kovalchuk.lp@example.com'),(152,'Company','ТОВ Залізобетонні Конструкції','Ігор Мельник','+380501112409','ihor.melnyk.zk@example.com'),(153,'Company','ПП Продукти Харчування','Леонід Мороз','+380501112411','leonid.moroz.ph@example.com'),(154,'Individual','Марина Ткаченко','Марина Ткаченко','+380501112412','maryna.tkachenko.client@example.com'),(155,'Company','ТОВ Хімічні Реагенти','Назар Вовк','+380501112413','nazar.vovk.hr@example.com'),(156,'Individual','Ольга Дмитрук','Ольга Дмитрук','+380501112414','olha.dmytruk.indiv@example.com'),(157,'Company','ПП СклоБуд','Петро Гончар','+380501112415','petro.honchar.sb@example.com'),(158,'Individual','Раїса Медведєва','Раїса Медведєва','+380501112416','raisa.medvedeva.client@example.com'),(159,'Company','ТОВ АвтоСклад','Сергій Коваль','+380501112417','serhiy.koval.as@example.com'),(160,'Individual','Тетяна Бондар','Тетяна Бондар','+380501112418','tetiana.bondar.indiv@example.com'),(161,'Company','ПП ТехноБудінвест','Устим Осадчий','+380501112419','ustym.osadchyi.tbi@example.com'),(162,'Individual','Христина Савчук','Христина Савчук','+380501112420','khrystyna.savchuk.client@example.com'),(163,'Company','ТОВ Вантажоперевезення \'М\'','Юлія Романюк','+380501112421','yuliia.romaniuk.vm@example.com'),(164,'Individual','Яків Лисенко','Яків Лисенко','+380501112422','yakiv.lysenko.indiv@example.com'),(165,'Company','ПП ФармаГруп','Артур Поліщук','+380501112423','artur.polishchuk.fg@example.com'),(166,'Individual','Віра Кириленко','Віра Кириленко','+380501112424','vira.kyrylenko.client@example.com'),(167,'Company','ТОВ Дистрибуція \'Д\'','Геннадій Кравець','+380501112425','hennadiy.kravets.dd@example.com'),(168,'Individual','Дар\'я Білик','Дар\'я Білик','+380501112426','daria.bilyk.indiv@example.com'),(169,'Company','ПП Регіональні Послуги','Євген Олійник','+380501112427','yevhen.oliinyk.rp@example.com'),(170,'Individual','Зіновій Когут','Зіновій Когут','+380501112428','zinoviy.kohut.client@example.com'),(171,'Company','ТОВ Рішення для Бізнесу','Іван Шевчук','+380501112429','ivan.shevchuk.rb@example.com'),(172,'Individual','Катерина Демчук','Катерина Демчук','+380501112430','kateryna.demchuk.indiv@example.com'),(173,'Company','ПП Глобал Логістик \'Н\'','Леонід Мельник','+380501112431','leonid.melnyk.gln@example.com'),(174,'Individual','Марина Семенова','Марина Семенова','+380501112432','maryna.semenova.client@example.com'),(175,'Company','ТОВ Паливні Ресурси','Назар Горбач','+380501112433','nazar.horbach.pr@example.com'),(176,'Individual','Ольга Кирилюк','Ольга Кирилюк','+380501112434','olha.kyryliuk.indiv@example.com'),(177,'Company','ПП Меблевий Склад','Петро Руденко','+380501112435','petro.rudenko.ms@example.com'),(178,'Individual','Раїса Кравчук','Раїса Кравчук','+380501112436','raisa.kravchuk.client@example.com'),(179,'Company','ТОВ Автобусні Перевезення','Сергій Захарченко','+380501112437','serhiy.zakharchenko.ap@example.com'),(180,'Individual','Тетяна Бондарчук','Тетяна Бондарчук','+380501112438','tetiana.bondarchuk.indiv_2@example.com'),(181,'Company','ПП Хімічні Продукти','Уляна Савченко','+380501112439','uliana.savchenko.hp@example.com'),(182,'Individual','Христина Могила','Христина Могила','+380501112440','khrystyna.mohyla.client@example.com'),(183,'Company','ТОВ Металопрокат','Юрій Кучер','+380501112441','yuriy.kucher.mp@example.com'),(184,'Individual','Яна Демченко','Яна Демченко','+380501112442','yana.demchenko.indiv@example.com'),(185,'Company','ПП Засоби Зв\'язку','Антон Власенко','+380501112443','anton.vlasenko.zz@example.com'),(186,'Individual','Вікторія Мороз','Вікторія Мороз','+380501112444','viktoriia.moroz.client@example.com'),(187,'Company','ТОВ СхідЕкспо','Георгій Ковальчук','+380501112445','heorhiy.kovalchuk.se@example.com'),(188,'Individual','Дмитро Білий','Дмитро Білий','+380501112446','dmytro.bilyi.indiv@example.com'),(189,'Company','ПП АгроПродукт \'К\'','Єлизавета Левченко','+380501112447','yelyzaveta.levchenko.apk@example.com'),(190,'Individual','Жанна Кузьменко','Жанна Кузьменко','+380501112448','zhanna.kuzmenko.client@example.com'),(191,'Company','ТОВ Оптова Торгівля','Зоряна Самойленко','+380501112449','zoryana.samoilenko.ot@example.com'),(192,'Individual','Ігор Гуменюк','Ігор Гуменюк','+380501112450','ihor.humenyuk.indiv@example.com');
/*!40000 ALTER TABLE `client` ENABLE KEYS */;
UNLOCK TABLES;

--
-- Table structure for table `driver`
--

DROP TABLE IF EXISTS `driver`;
/*!40101 SET @saved_cs_client     = @@character_set_client */;
/*!50503 SET character_set_client = utf8mb4 */;
CREATE TABLE `driver` (
  `driver_id` int NOT NULL AUTO_INCREMENT,
  `first_name` varchar(50) NOT NULL,
  `last_name` varchar(200) NOT NULL,
  `license_number` varchar(50) NOT NULL,
  `license_category` varchar(50) NOT NULL,
  `email` varchar(200) NOT NULL,
  `phone` varchar(200) NOT NULL,
  PRIMARY KEY (`driver_id`),
  UNIQUE KEY `license_number` (`license_number`)
) ENGINE=InnoDB AUTO_INCREMENT=340 DEFAULT CHARSET=utf8mb4 COLLATE=utf8mb4_0900_ai_ci;
/*!40101 SET character_set_client = @saved_cs_client */;

--
-- Dumping data for table `driver`
--

LOCK TABLES `driver` WRITE;
/*!40000 ALTER TABLE `driver` DISABLE KEYS */;
INSERT INTO `driver` VALUES (1,'Олександр','Ковальчук','АА000001','B','alex.kovalchuk@example.com','+380501112233'),(2,'Марія','Мельник','АА000002','C','maria.melnyk@example.com','+380674445566'),(3,'Віталій','Шевченко','АВ000003','D','vitaliy.shevchenko@example.com','+380637778899'),(4,'Наталія','Поліщук','АВ000004','BE','natalia.polishchuk@example.com','+380961234567'),(5,'Андрій','Лисенко','АС000005','CE','andriy.lysenko@example.com','+380998765432'),(6,'Тетяна','Мороз','АС000006','A','tatyana.moroz@example.com','+380932345678'),(7,'Ігор','Ткаченко','ВА000007','DE','igor.tkachenko@example.com','+380665432109'),(8,'Софія','Петренко','ВА000008','B','sofia.petrenko@example.com','+380689012345'),(9,'Дмитро','Савчук','ВВ000009','C1','dmytro.savchuk@example.com','+380976543210'),(10,'Олена','Король','ВВ000011','D1','olenaaa.korol@example.com','+380509876543'),(11,'Юрій','Кузьменко','ВВ000012','B','yuriy.kuzmenko@example.com','+380501223344'),(12,'Ірина','Гончар','ВГ000013','C','iryna.gonchar@example.com','+380667788990'),(13,'Микола','Даниленко','ВГ000014','D','mykola.danylenko@example.com','+380634455667'),(14,'Анна','Федоренко','ВД000015','BE','anna.fedorenko@example.com','+380995533221'),(15,'Сергій','Кравченко','ВД000016','CE','serhiy.kravchenko@example.com','+380981122334'),(16,'Вікторія','Романюк','ВЕ000017','A','viktoriya.romanyuk@example.com','+380667799001'),(17,'Олег','Гуменюк','ВЕ000018','DE','oleg.gumenyuk@example.com','+380679988776'),(18,'Катерина','Шевчук','ВЖ000019','B','katerina.shevchuk@example.com','+380688877665'),(19,'Павло','Коваль','ВЖ000020','C1','pavlo.koval@example.com','+380699900112'),(20,'Людмила','Тарасенко','ВЗ000021','D1','lyudmyla.tarasenko@example.com','+380601112233'),(21,'Роман','Бондар','ВЗ000022','B','roman.bondar@example.com','+380612223344'),(22,'Надія','Клименко','ВИ000023','C','nadiya.klimenko@example.com','+380623334455'),(23,'Євген','Сидоренко','ВИ000024','D','yevhen.sidorenko@example.com','+380634445566'),(24,'Тамара','Левченко','ВІ000025','BE','tamara.levchenko@example.com','+380645556677'),(25,'Богдан','Кузьма','ВІ000026','CE','bogdan.kuzma@example.com','+380656667788'),(26,'Владислав','Медведєв','ВК000027','A1','vlad.medvedev@example.com','+380661122334'),(27,'Христина','Коваленко','ВК000028','B','khrystyna.kovalenko@example.com','+380672233445'),(28,'Максим','Павленко','ВМ000029','C','maksym.pavlenko@example.com','+380683344556'),(29,'Дар\'я','Остапенко','ВМ000030','D','daria.ostapenko@example.com','+380954455667'),(30,'Олексій','Костенко','ВО000031','BE','oleksiy.kostenko@example.com','+380965566778'),(31,'Зоряна','Руденко','ВО000032','CE','zoryana.rudenko@example.com','+380976677889'),(32,'Антон','Захарченко','ВР000033','DE','anton.zakharchenko@example.com','+380507788990'),(33,'Валерія','Кіщук','ВР000034','B','valeriia.kishchuk@example.com','+380998899001'),(34,'Гліб','Марченко','ВС000035','C1','hlib.marchenko@example.com','+380931230000'),(35,'Яна','Петрова','ВС000036','D1','yana.petrova@example.com','+380662340001'),(36,'Артем','Василенко','ВТ000037','B','artem.vasylenko@example.com','+380673450002'),(37,'Жанна','Когут','ВТ000038','C','zhanna.kohut@example.com','+380984560003'),(38,'Кирило','Литовченко','ВХ000039','D','kyrylo.lytovchenko@example.com','+380995670004'),(39,'Емілія','Самойленко','ВХ000040','BE','emilia.samoilenko@example.com','+380506780005'),(40,'Денис','Семенов','ВА000041','CE','denys.semenov@example.com','+380667890006'),(41,'Лілія','Козіна','ВА000042','A','liliia.kozina@example.com','+380678900007'),(42,'Віктор','Герасименко','ВВ000043','DE','viktor.herasymenko@example.com','+380969010008'),(43,'Світлана','Криворучко','ВВ000044','B','svitlana.kryvoruchko@example.com','+380990120009'),(44,'Назар','Мельник','ВГ000045','C1','nazar.melnyk@example.com','+380931234000'),(45,'Поліна','Терещенко','ВГ000046','D1','polina.tereshchenko@example.com','+380502345001'),(46,'Станіслав','Іванов','ВД000047','B','stanislav.ivanov@example.com','+380663456002'),(47,'Римма','Федорова','ВД000048','C','rymma.fedorova@example.com','+380674567003'),(48,'Георгій','Короленко','ВЕ000049','D','heorhiy.korolenko@example.com','+380985678004'),(49,'Лариса','Демченко','ВЕ000050','BE','larysa.demchenko@example.com','+380996789005'),(50,'Владимир','Григоренко','ВЖ000051','CE','volodymyr.hryhorenko@example.com','+380507890006'),(51,'Аліса','Ткачук','ВЖ000052','A1','alisa.tkachuk@example.com','+380668901007'),(52,'Михайло','Осадчий','ВЗ000053','DE','mykhailo.osadchiy@example.com','+380679012008'),(53,'Єлизавета','Клименко','ВЗ000054','B','yelyzaveta.klymenko@example.com','+380960123009'),(54,'Іван','Залізняк','ВИ000055','C1','ivan.zaliznyak@example.com','+380991234000'),(55,'Дарина','Соколовська','ВИ000056','D1','daryna.sokolovska@example.com','+380932345001'),(56,'Арсен','Круглов','ВІ000057','B','arsen.kruhlov@example.com','+380503456002'),(57,'Жанна','Савченко','ВІ000058','C','zhanna.savchenko@example.com','+380664567003'),(58,'Ілля','Палійчук','ВК000059','D','illya.paliichuk@example.com','+380675678004'),(59,'Каріна','Степаненко','ВК000060','BE','karina.stepanenko@example.com','+380986789005'),(60,'Леонід','Кучер','ВМ000061','CE','leonid.kucher@example.com','+380997890006'),(61,'Марина','Блаженко','ВМ000062','A','maryna.blazhenko@example.com','+380508901007'),(62,'Наталія','Рибак','ВО000063','DE','nataliia.rybak@example.com','+380660012008'),(63,'Олеся','Шульга','ВО000064','B','olesia.shulha@example.com','+380671123009'),(64,'Петро','Тимошенко','ВР000065','C1','petro.tymoshenko@example.com','+380962234010'),(65,'Раїса','Чумак','ВР000066','D1','raisa.chumak@example.com','+380993345011'),(66,'Сергій','Яковенко','ВС000067','B','serhii.yakovenko@example.com','+380934456012'),(67,'Тетяна','Федоренко','ВС000068','C','tetiana.fedorenko@example.com','+380505567013'),(68,'Уляна','Вовк','ВТ000069','D','uliana.vovk@example.com','+380666678014'),(69,'Філіп','Голуб','ВТ000070','BE','filip.holub@example.com','+380677789015'),(70,'Ярослав','Кривенко','ВХ000071','CE','yaroslav.kryvenko@example.com','+380968890016'),(71,'Христина','Левченко','ВХ000072','A','khrystyna.levchenko@example.com','+380999901017'),(72,'Зіновій','Дмитрук','ВА000073','DE','zinoviy.dmytruk@example.com','+380500123018'),(73,'Юлія','Ковальчук','ВА000074','B','yuliia.kovalchuk@example.com','+380661234019'),(74,'Аліна','Бойко','ВВ000075','C1','alina.boiko@example.com','+380672345020'),(75,'Богдан','Гриценко','ВВ000076','D1','bohdan.hrytsenko@example.com','+380963456021'),(76,'Валентина','Мельник','ВГ000077','B','valentyna.melnyk@example.com','+380994567022'),(77,'Григорій','Осадчук','ВГ000078','C','hryhoriy.osadchuk@example.com','+380935678023'),(78,'Дмитро','Клименко','ВД000079','D','dmytro.klymenko@example.com','+380506789024'),(79,'Єлизавета','Потапчук','ВД000080','BE','yelyzaveta.potapchuk@example.com','+380667890025'),(80,'Жанна','Скорик','ВЕ000081','CE','zhanna.skoryk@example.com','+380678901026'),(81,'Захар','Іваненко','ВЕ000082','A1','zakhar.ivanenko@example.com','+380969012027'),(82,'Іван','Козоріз','ВЖ000083','DE','ivan.kozoriz@example.com','+380990123028'),(83,'Ксенія','Олійник','ВЖ000084','B','kseniia.oliinyk@example.com','+380931234029'),(84,'Лариса','Гордійчук','ВЗ000085','C1','larysa.hordiichuk@example.com','+380502345030'),(85,'Михайло','Коваль','ВЗ000086','D1','mykhailo.koval@example.com','+380663456031'),(86,'Надія','Бережна','ВИ000087','B','nadiia.berezhna@example.com','+380674567032'),(87,'Олексій','Шевчук','ВИ000088','C','oleksiy.shevchuk@example.com','+380965678033'),(88,'Павло','Заболотний','ВІ000089','D','pavlo.zabolotnyy@example.com','+380996789034'),(89,'Римма','Гончарова','ВІ000090','BE','rymma.honcharova@example.com','+380937890035'),(90,'Степан','Куліш','ВК000091','CE','stepan.kulish@example.com','+380508901036'),(91,'Тамара','Морозюк','ВК000092','A','tamara.moroziuk@example.com','+380660012037'),(92,'Юрій','Поліщук','ВМ000093','DE','yurii.polishchuk@example.com','+380671123038'),(93,'Валентин','Лисенко','ВМ000094','B','valentyn.lysenko@example.com','+380962234039'),(94,'Злата','Романенко','ВО000095','C1','zlata.romanenko@example.com','+380993345040'),(95,'Андрій','Корольчук','ВО000096','D1','andriy.korolchuk@example.com','+380934456041'),(96,'Вікторія','Баран','ВР000097','B','viktoriia.baran@example.com','+380505567042'),(97,'Генадій','Костенко','ВР000098','C','henadii.kostenko@example.com','+380666678043'),(98,'Дар\'я','Мороз','ВС000099','D','daria.moroz@example.com','+380677789044'),(99,'Єгор','Шевченко','ВС000100','BE','yehor.shevchenko@example.com','+380968890045'),(100,'Жан','Соловйов','ВТ000101','CE','zhan.solovyov@example.com','+380999901046'),(101,'Ірина','Данильченко','ВТ000102','A1','iryna.danylchenko@example.com','+380500123047'),(102,'Кіра','Фролова','ВХ000103','DE','kira.frolova@example.com','+380661234048'),(103,'Лев','Гнатюк','ВХ000104','B','lev.hnatiuk@example.com','+380672345049'),(104,'Майя','Стецюк','ВА000105','C1','maiia.stetsiuk@example.com','+380963456050'),(105,'Нікіта','Самойленко','ВА000106','D1','nikita.samoilenko@example.com','+380994567051'),(106,'Олеся','Климова','ВВ000107','B','olesia.klymova@example.com','+380505678052'),(107,'Павло','Волошин','ВВ000108','C','pavlo.voloshyn@example.com','+380666789053'),(108,'Роман','Зайцев','ВГ000109','D','roman.zaitsev@example.com','+380677890054'),(109,'Софія','Коваленко','ВГ000110','BE','sofiia.kovalenko@example.com','+380968901055'),(110,'Тарас','Швець','ВД000111','CE','taras.shvets@example.com','+380509012056'),(111,'Уляна','Карпенко','ВД000112','A','uliana.karpenko@example.com','+380660123057'),(112,'Федір','Могила','ВЕ000113','DE','fedir.mohyla@example.com','+380671234058'),(113,'Христина','Литвин','ВЕ000114','B','khrystyna.lytvyn@example.com','+380962345059'),(114,'Яків','Чуприна','ВЖ000115','C1','yakiv.chupryna@example.com','+380993456060'),(115,'Алла','Бойчук','ВЖ000116','D1','alla.boichuk@example.com','+380934567061'),(116,'Борис','Горбач','ВЗ000117','B','borys.horbach@example.com','+380505678062'),(117,'Віра','Михайлова','ВЗ000118','C','vira.mykhailova@example.com','+380666789063'),(118,'Гліб','Соколов','ВИ000119','D','hlib.sokolov@example.com','+380677890064'),(119,'Дарина','Попова','ВИ000120','BE','daryna.popova@example.com','+380968901065'),(120,'Євгенія','Костенко','ВІ000121','CE','yevheniia.kostenko@example.com','+380990012066'),(121,'Жорж','Іванов','ВІ000122','A1','zhorzh.ivanov@example.com','+380931123067'),(122,'Зоряна','Кушнір','ВК000123','DE','zoryana.kushnir@example.com','+380502234068'),(123,'Іван','Мельник','ВК000124','B','ivan.melnyk@example.com','+380663345069'),(124,'Катерина','Шевчук','ВМ000125','C1','kateryna.shevchuk@example.com','+380674456070'),(125,'Леонід','Василенко','ВМ000126','D1','leonid.vasylenko@example.com','+380965567071'),(126,'Марія','Савчук','ВО000127','B','mariia.savchuk@example.com','+380996678072'),(127,'Назар','Ткаченко','ВО000128','C','nazar.tkachenko@example.com','+380937789073'),(128,'Оксана','Ковальчук','ВР000129','D','oksana.kovalchuk@example.com','+380508890074'),(129,'Петро','Осадчий','ВР000130','BE','petro.osadchyi@example.com','+380669901075'),(130,'Римма','Кравчук','ВС000131','CE','rymma.kravchuk@example.com','+380670123076'),(131,'Сергій','Гончар','ВС000132','A','serhiy.honchar@example.com','+380961234077'),(132,'Тетяна','Бабенко','ВТ000133','DE','tetiana.babenko@example.com','+380992345078'),(133,'Устим','Чумак','ВТ000134','B','ustym.chumak@example.com','+380933456079'),(134,'Флоріан','Павленко','ВХ000135','C1','florian.pavlenko@example.com','+380504567080'),(135,'Анжела','Сидоренко','ВХ000136','D1','anzhela.sydorenko@example.com','+380665678081'),(136,'Владислав','Кривенко','ВА000137','B','vladyslav.kryvenko@example.com','+380676789082'),(137,'Наталія','Бойко','ВА000138','C','nataliia.boiko@example.com','+380967890083'),(138,'Олег','Демченко','ВВ000139','D','oleh.demchenko@example.com','+380998901084'),(139,'Жанна','Петренко','ВВ000140','BE','zhanna.petrenko@example.com','+380939012085');
/*!40000 ALTER TABLE `driver` ENABLE KEYS */;
UNLOCK TABLES;

--
-- Table structure for table `order`
--

DROP TABLE IF EXISTS `order`;
/*!40101 SET @saved_cs_client     = @@character_set_client */;
/*!50503 SET character_set_client = utf8mb4 */;
CREATE TABLE `order` (
  `order_id` int NOT NULL AUTO_INCREMENT,
  `client_id` int NOT NULL,
  `route_from` varchar(200) NOT NULL,
  `route_to` varchar(100) NOT NULL,
  `planned_departure_time` datetime NOT NULL,
  `planned_arrival_time` datetime NOT NULL,
  `cargo_details` text,
  `order_status` varchar(50) NOT NULL,
  `driver_id` int NOT NULL,
  `vehicle_id` int NOT NULL,
  PRIMARY KEY (`order_id`),
  KEY `client_id` (`client_id`),
  KEY `driver_id` (`driver_id`),
  KEY `vehicle_id` (`vehicle_id`),
  CONSTRAINT `order_ibfk_1` FOREIGN KEY (`client_id`) REFERENCES `client` (`client_id`) ON DELETE CASCADE ON UPDATE CASCADE,
  CONSTRAINT `order_ibfk_2` FOREIGN KEY (`driver_id`) REFERENCES `driver` (`driver_id`) ON DELETE CASCADE ON UPDATE CASCADE,
  CONSTRAINT `order_ibfk_3` FOREIGN KEY (`vehicle_id`) REFERENCES `vehicle` (`vehicle_id`) ON DELETE CASCADE ON UPDATE CASCADE
) ENGINE=InnoDB AUTO_INCREMENT=189 DEFAULT CHARSET=utf8mb4 COLLATE=utf8mb4_0900_ai_ci;
/*!40101 SET character_set_client = @saved_cs_client */;

--
-- Dumping data for table `order`
--

LOCK TABLES `order` WRITE;
/*!40000 ALTER TABLE `order` DISABLE KEYS */;
INSERT INTO `order` VALUES (1,1,'Київ','Львів','2025-10-25 08:00:00','2025-10-25 14:00:00','Електроніка','Заплановано',5,10),(2,2,'Одеса','Харків','2025-10-26 10:30:00','2025-10-26 18:00:00','Їжа','У процесі',8,12),(3,3,'Дніпро','Київ','2025-10-25 12:00:00','2025-10-25 19:30:00','Будівельні матеріали','Заплановано',13,7),(4,4,'Львів','Варшава (PL)','2025-10-27 06:00:00','2025-10-27 17:00:00','Меблі','У процесі',21,23),(5,5,'Харків','Дніпро','2025-10-25 15:30:00','2025-10-25 21:00:00','Текстиль','Заплановано',9,15),(6,6,'Київ','Одеса','2025-10-26 09:00:00','2025-10-26 17:00:00','Побутова техніка (Рефрижератор)','Виконано',4,6),(7,7,'Чернівці','Київ','2025-10-28 07:00:00','2025-10-28 16:00:00','Хімікати (ADR)','Заплановано',27,1),(8,8,'Рівне','Вроцлав (PL)','2025-10-27 11:00:00','2025-10-28 02:00:00','Деталі для машин','У процесі',32,2),(9,9,'Запоріжжя','Львів','2025-10-25 07:30:00','2025-10-26 00:30:00','Метал','Заплановано',1,18),(10,10,'Київ','Тернопіль','2025-10-26 14:00:00','2025-10-26 21:00:00','Друковані матеріали','У процесі',16,20),(11,11,'Вінниця','Харків','2025-10-28 10:00:00','2025-10-28 23:00:00','Пластикові вироби','Заплановано',2,35),(12,12,'Луцьк','Київ','2025-10-27 08:30:00','2025-10-27 15:00:00','Автомобільні шини','Виконано',14,3),(13,13,'Київ','Прага (CZ)','2025-10-29 04:00:00','2025-10-30 06:00:00','Одяг та взуття','Заплановано',31,41),(14,14,'Одеса','Стамбул (TR)','2025-10-28 12:00:00','2025-10-30 10:00:00','Насипне зерно','У процесі',18,43),(15,15,'Миколаїв','Дніпро','2025-10-26 06:30:00','2025-10-26 14:30:00','Будівельне обладнання','Заплановано',23,4),(16,16,'Харків','Львів','2025-10-27 18:00:00','2025-10-28 12:00:00','Фарби та лаки (ADR)','Заплановано',11,29),(17,17,'Полтава','Київ','2025-10-25 11:30:00','2025-10-25 16:30:00','Металоконструкції','У процесі',26,5),(18,18,'Черкаси','Одеса','2025-10-28 09:30:00','2025-10-28 18:30:00','Швидкопсувні товари (Рефрижератор)','Виконано',10,19),(19,19,'Київ','Берлін (DE)','2025-10-29 10:00:00','2025-10-30 18:00:00','Медичне обладнання','Заплановано',3,38),(20,20,'Львів','Краків (PL)','2025-10-26 13:00:00','2025-10-26 20:00:00','Збірні палети','У процесі',17,45),(21,21,'Житомир','Рівне','2025-10-25 14:30:00','2025-10-25 19:00:00','Сільськогосподарський інструмент','Заплановано',24,8),(22,22,'Суми','Київ','2025-10-28 13:00:00','2025-10-28 21:00:00','Паперова продукція','Заплановано',12,14),(23,23,'Київ','Кишинів (MD)','2025-10-27 08:00:00','2025-10-27 20:00:00','Алкогольні напої (Акциз)','У процесі',30,40),(24,24,'Тернопіль','Дніпро','2025-10-25 09:00:00','2025-10-26 04:00:00','Віконні профілі','Виконано',25,9),(25,25,'Дніпро','Варшава (PL)','2025-10-29 06:30:00','2025-10-30 14:30:00','Металеві рулони','Заплановано',19,42),(26,26,'Одеса','Баку (AZ)','2025-10-28 14:00:00','2025-11-01 08:00:00','Нафта в бочках (ADR)','Заплановано',6,44),(27,27,'Херсон','Київ','2025-10-26 10:00:00','2025-10-26 21:00:00','Овочі та фрукти (Рефрижератор)','У процесі',28,33),(28,28,'Івано-Франківськ','Львів','2025-10-25 16:00:00','2025-10-25 20:00:00','Деревина','Виконано',22,36),(29,29,'Київ','Брно (CZ)','2025-10-30 07:00:00','2025-10-31 05:00:00','Промислове обладнання','Заплановано',7,46),(30,30,'Львів','Берлін (DE)','2025-10-28 10:30:00','2025-10-29 08:30:00','Автозапчастини','У процесі',20,49),(31,31,'Ужгород','Кошице (SK)','2025-10-25 09:30:00','2025-10-25 13:30:00','Збірні палети','Заплановано',29,11),(32,32,'Чернігів','Одеса','2025-10-27 10:00:00','2025-10-28 02:00:00','Заморожена риба (Рефрижератор)','Заплановано',15,13),(33,33,'Київ','Вроцлав (PL)','2025-10-28 15:00:00','2025-10-29 10:00:00','Керамічна плитка','У процесі',33,48),(34,34,'Одеса','Київ','2025-10-26 11:00:00','2025-10-26 19:00:00','Насипні добрива','Виконано',38,50),(35,35,'Вінниця','Львів','2025-10-29 09:00:00','2025-10-29 16:00:00','Цукор','Заплановано',34,37),(36,36,'Львів','Нюрнберг (DE)','2025-10-30 05:00:00','2025-10-31 03:00:00','Труби','Заплановано',39,34),(37,37,'Харків','Київ','2025-10-25 18:30:00','2025-10-26 03:30:00','Електричні кабелі','У процесі',35,51),(38,38,'Рівне','Гданськ (PL)','2025-10-27 06:30:00','2025-10-28 04:30:00','Електроніка','Виконано',40,53),(39,39,'Київ','Мюнхен (DE)','2025-10-30 11:00:00','2025-10-31 20:00:00','Цінні вантажі','Заплановано',36,54),(40,40,'Дніпро','Одеса','2025-10-26 09:30:00','2025-10-26 17:30:00','Побутова хімія','У процесі',41,56),(41,41,'Житомир','Харків','2025-10-29 12:00:00','2025-10-30 00:00:00','Лісоматеріали','Заплановано',37,55),(42,42,'Суми','Львів','2025-10-26 07:00:00','2025-10-27 01:00:00','Автозапчастини','Заплановано',42,58),(43,43,'Львів','Будапешт (HU)','2025-10-28 09:30:00','2025-10-29 04:30:00','Фармацевтика (Рефрижератор)','У процесі',47,57),(44,44,'Київ','Рівне','2025-10-25 13:00:00','2025-10-25 18:00:00','Офісне приладдя','Виконано',43,60),(45,45,'Одеса','Варна (BG)','2025-10-29 11:00:00','2025-10-31 09:00:00','Контейнери','Заплановано',48,59),(46,46,'Чернівці','Бухарест (RO)','2025-10-27 14:30:00','2025-10-28 05:30:00','Заморожене м\'ясо (Рефрижератор)','У процесі',44,62),(47,47,'Вінниця','Одеса','2025-10-26 12:00:00','2025-10-26 20:00:00','Алкогольні напої (Акциз)','Заплановано',49,61),(48,48,'Запоріжжя','Київ','2025-10-28 16:00:00','2025-10-29 03:00:00','Будівельні суміші','Заплановано',46,64),(49,49,'Київ','Дніпро','2025-10-26 16:30:00','2025-10-27 00:30:00','Метал','У процесі',50,63),(50,50,'Тернопіль','Люблін (PL)','2025-10-29 14:00:00','2025-10-30 01:00:00','Текстиль','Виконано',45,66),(51,51,'Запоріжжя','Львів','2025-10-29 10:00:00','2025-10-30 04:00:00','Промислові хімікати (ADR)','Planned',55,65),(52,52,'Одеса','Київ','2025-10-27 14:30:00','2025-10-27 22:30:00','Сантехніка','In Progress',51,68),(53,53,'Львів','Клуж-Напока (RO)','2025-10-30 08:00:00','2025-10-31 01:00:00','Високоточне обладнання','Planned',56,70),(54,54,'Херсон','Дніпро','2025-10-28 09:00:00','2025-10-28 17:00:00','Зерно в мішках','Completed',53,67),(55,55,'Київ','Варшава (PL)','2025-10-31 05:00:00','2025-10-31 17:00:00','Автозапчастини','Planned',58,72),(56,56,'Рівне','Берлін (DE)','2025-10-29 11:30:00','2025-10-30 16:00:00','Алкогольні напої (Акциз)','In Progress',54,69),(57,57,'Дніпро','Львів','2025-10-27 16:00:00','2025-10-28 10:00:00','Текстиль','Planned',60,71),(58,58,'Харків','Київ','2025-10-28 10:30:00','2025-10-28 18:00:00','Кондитерські вироби (Рефрижератор)','Completed',52,74),(59,59,'Київ','Одеса','2025-10-29 07:30:00','2025-10-29 15:30:00','Медичні товари','Planned',57,73),(60,60,'Вінниця','Краків (PL)','2025-10-30 13:00:00','2025-10-31 05:00:00','Деревина','In Progress',59,76),(61,61,'Полтава','Житомир','2025-10-28 12:00:00','2025-10-28 21:00:00','Електроніка','Planned',64,75),(62,62,'Львів','Івано-Франківськ','2025-10-26 17:00:00','2025-10-26 21:00:00','Скляні вироби','Completed',61,78),(63,63,'Київ','Вільнюс (LT)','2025-11-01 04:30:00','2025-11-02 08:30:00','Промислові масла (ADR)','Planned',65,77),(64,64,'Одеса','Кишинів (MD)','2025-10-29 08:30:00','2025-10-29 16:30:00','Одяг та взуття','In Progress',62,80),(65,65,'Тернопіль','Харків','2025-10-27 07:00:00','2025-10-28 02:00:00','Побутова хімія','Planned',66,79),(66,66,'Черкаси','Київ','2025-10-26 11:00:00','2025-10-26 16:00:00','Металобрухт','Planned',63,82),(67,67,'Київ','Прага (CZ)','2025-10-30 10:00:00','2025-10-31 12:00:00','Автомобілі (Трал)','In Progress',68,81),(68,68,'Луцьк','Вроцлав (PL)','2025-10-28 14:00:00','2025-10-29 05:00:00','Свіжі овочі (Рефрижератор)','Completed',71,84),(69,69,'Миколаїв','Львів','2025-10-29 06:00:00','2025-10-29 23:00:00','Сипучі добрива','Planned',73,83),(70,70,'Суми','Одеса','2025-10-28 11:00:00','2025-10-29 05:00:00','Пластикова тара','Planned',70,86),(71,71,'Київ','Братислава (SK)','2025-10-31 12:00:00','2025-11-01 14:00:00','Парфумерія (Акциз)','In Progress',69,85),(72,72,'Дніпро','Херсон','2025-10-27 08:30:00','2025-10-27 17:30:00','Труби','Planned',74,88),(73,73,'Львів','Кельн (DE)','2025-10-29 05:30:00','2025-10-30 16:30:00','Заморожені ягоди (Рефрижератор)','Planned',77,87),(74,74,'Хмельницький','Київ','2025-10-26 15:00:00','2025-10-26 22:00:00','Паперова продукція','Completed',75,90),(75,75,'Київ','Бухарест (RO)','2025-11-02 06:00:00','2025-11-02 22:00:00','Різні палети','Planned',78,89),(76,77,'Житомир','Львів','2025-10-27 09:30:00','2025-10-27 16:30:00','Саджанці та розсада','У процесі',72,92),(77,78,'Київ','Братислава (SK)','2025-10-31 12:00:00','2025-11-01 14:00:00','Парфумерія (Акциз)','Заплановано',80,91),(78,79,'Львів','Кельн (DE)','2025-10-29 05:30:00','2025-10-30 16:30:00','Заморожені ягоди (Рефрижератор)','Заплановано',79,94),(79,80,'Хмельницький','Київ','2025-10-26 15:00:00','2025-10-26 22:00:00','Паперова продукція','Виконано',83,93),(80,81,'Київ','Бухарест (RO)','2025-11-02 06:00:00','2025-11-02 22:00:00','Різні палети','Заплановано',84,96),(81,82,'Одеса','Варна (BG)','2025-10-28 16:00:00','2025-10-30 10:00:00','Технічне масло (Цистерна)','У процесі',81,95),(82,83,'Тернопіль','Дніпро','2025-10-29 10:00:00','2025-10-30 05:00:00','Побутова хімія','Заплановано',85,98),(83,84,'Дніпро','Запоріжжя','2025-10-27 11:00:00','2025-10-27 16:00:00','Будівельні блоки','Виконано',82,97),(84,85,'Київ','Амстердам (NL)','2025-11-03 04:00:00','2025-11-04 18:00:00','Високотехнологічне обладнання','Заплановано',87,100),(85,86,'Чернігів','Львів','2025-11-01 13:00:00','2025-11-02 05:00:00','Текстиль','У процесі',86,99),(86,87,'Рівне','Прага (CZ)','2025-10-30 07:00:00','2025-10-31 01:00:00','Цукор','Заплановано',89,102),(87,88,'Львів','Житомир','2025-10-27 18:00:00','2025-10-28 01:00:00','Заморожена риба (Рефрижератор)','Виконано',88,101),(88,89,'Харків','Київ','2025-11-04 10:30:00','2025-11-04 18:00:00','Металеві деталі','Заплановано',91,104),(89,90,'Одеса','Вінниця','2025-11-02 15:00:00','2025-11-02 23:00:00','Будівельні суміші','У процесі',90,103),(90,91,'Київ','Мінськ (BY)','2025-11-05 08:00:00','2025-11-05 20:00:00','Оргтехніка','Заплановано',93,106),(91,92,'Чернівці','Краків (PL)','2025-11-03 06:30:00','2025-11-03 18:30:00','Віконні профілі','Planned',92,105),(92,93,'Полтава','Одеса','2025-11-01 10:00:00','2025-11-01 21:00:00','Нафтопродукти (ADR)','У процесі',95,108),(93,94,'Львів','Брюссель (BE)','2025-11-07 04:30:00','2025-11-08 16:30:00','Фармацевтика','Заплановано',94,107),(94,95,'Київ','Запоріжжя','2025-11-06 11:00:00','2025-11-06 20:00:00','Електроніка','Completed',97,110),(95,96,'Дніпро','Рівне','2025-11-04 07:00:00','2025-11-04 22:00:00','Збірні палети','Заплановано',96,109),(96,97,'Одеса','Тбілісі (GE)','2025-11-05 16:00:00','2025-11-10 08:00:00','Вино (Акциз)','У процесі',98,112),(97,98,'Луцьк','Гданськ (PL)','2025-11-03 10:00:00','2025-11-04 08:00:00','Промислове обладнання','Заплановано',103,111),(98,99,'Київ','Відень (AT)','2025-11-08 05:30:00','2025-11-09 09:30:00','Текстиль','Заплановано',99,114),(99,100,'Вінниця','Харків','2025-11-02 11:00:00','2025-11-03 01:00:00','Меблі','У процесі',104,113),(100,101,'Київ','Мюнхен (DE)','2025-11-05 03:00:00','2025-11-06 14:00:00','Високоточне обладнання','Заплановано',100,116),(101,102,'Львів','Будапешт (HU)','2025-11-02 09:30:00','2025-11-03 02:00:00','Продукти харчування (Рефрижератор)','У процесі',105,115),(102,103,'Харків','Одеса','2025-11-01 11:00:00','2025-11-02 05:00:00','Меблі','Заплановано',102,118),(103,104,'Рівне','Чернівці','2025-10-31 14:00:00','2025-10-31 23:00:00','Деревина','Виконано',106,117),(104,105,'Дніпро','Хмельницький','2025-11-04 08:30:00','2025-11-04 22:30:00','Цукор','Заплановано',101,120),(105,106,'Київ','Краків (PL)','2025-11-01 10:00:00','2025-11-02 04:00:00','Побутова хімія','У процесі',107,119),(106,107,'Чернігів','Львів','2025-11-06 06:00:00','2025-11-06 22:00:00','Металоконструкції','Заплановано',110,122),(107,108,'Тернопіль','Київ','2025-11-03 13:00:00','2025-11-03 20:00:00','Друковані матеріали','Виконано',112,121),(108,109,'Одеса','Берлін (DE)','2025-11-04 12:30:00','2025-11-06 09:30:00','Олія у цистерні','Заплановано',109,124),(109,110,'Львів','Прага (CZ)','2025-11-02 15:00:00','2025-11-03 18:00:00','Автозапчастини','У процесі',114,123),(110,111,'Миколаїв','Харків','2025-11-05 09:00:00','2025-11-06 01:00:00','Скло (Крихкий вантаж)','Заплановано',111,126),(111,112,'Київ','Рівне','2025-11-01 11:30:00','2025-11-01 17:00:00','Пластикові вироби','Заплановано',116,125),(112,113,'Запоріжжя','Вінниця','2025-11-03 07:30:00','2025-11-03 21:30:00','Котушки металу','У процесі',113,128),(113,114,'Львів','Париж (FR)','2025-11-06 04:00:00','2025-11-08 08:00:00','Цінні вантажі','Заплановано',118,127),(114,115,'Івано-Франківськ','Одеса','2025-11-02 10:30:00','2025-11-03 01:30:00','Заморожене м\'ясо (Рефрижератор)','Заплановано',115,130),(115,116,'Київ','Дніпро','2025-11-03 17:00:00','2025-11-04 01:00:00','Електроніка','Виконано',120,129),(116,117,'Суми','Черкаси','2025-11-05 10:00:00','2025-11-05 20:00:00','Паперова продукція','Заплановано',117,132),(117,118,'Херсон','Львів','2025-11-02 08:00:00','2025-11-03 04:00:00','Сільськогосподарські добрива','У процесі',122,131),(118,119,'Одеса','Констанца (RO)','2025-11-04 15:00:00','2025-11-05 18:00:00','Насипне зерно','Заплановано',119,134),(119,120,'Київ','Вроцлав (PL)','2025-11-07 09:00:00','2025-11-08 04:00:00','Керамічна плитка','Заплановано',124,133),(120,121,'Чернівці','Львів','2025-11-01 14:30:00','2025-11-01 21:30:00','Овочі (Рефрижератор)','Виконано',121,136),(121,122,'Львів','Брно (CZ)','2025-11-03 07:00:00','2025-11-03 19:00:00','Автомобільні шини','У процесі',126,135),(122,123,'Дніпро','Київ','2025-11-05 11:00:00','2025-11-05 18:30:00','Труби','Заплановано',123,138),(123,124,'Харків','Вінниця','2025-11-02 16:00:00','2025-11-03 04:00:00','Будівельні суміші','Заплановано',128,137),(124,125,'Київ','Берлін (DE)','2025-11-08 05:00:00','2025-11-09 13:00:00','Промислове обладнання','Заплановано',125,140),(125,126,'Житомир','Одеса','2025-11-04 09:30:00','2025-11-04 21:30:00','Алкогольні напої (Акциз)','У процесі',130,139),(126,127,'Полтава','Львів','2025-11-06 10:00:00','2025-11-07 04:00:00','Метал','Заплановано',127,142),(127,128,'Львів','Вроцлав (PL)','2025-11-04 14:30:00','2025-11-05 05:30:00','Збірні палети','Виконано',132,141),(128,129,'Київ','Стамбул (TR)','2025-11-09 08:00:00','2025-11-11 09:00:00','Електричні кабелі','Заплановано',129,144),(129,130,'Одеса','Миколаїв','2025-11-05 13:00:00','2025-11-05 16:00:00','Продукти харчування','У процесі',134,143),(130,131,'Ужгород','Будапешт (HU)','2025-11-03 09:00:00','2025-11-03 18:00:00','Шини','Заплановано',131,146),(131,132,'Черкаси','Київ','2025-11-06 14:00:00','2025-11-06 19:00:00','Паперова продукція','Заплановано',136,145),(132,133,'Рівне','Львів','2025-11-01 15:30:00','2025-11-01 20:30:00','Текстиль','У процесі',133,148);
/*!40000 ALTER TABLE `order` ENABLE KEYS */;
UNLOCK TABLES;

--
-- Table structure for table `tripdetails`
--

DROP TABLE IF EXISTS `tripdetails`;
/*!40101 SET @saved_cs_client     = @@character_set_client */;
/*!50503 SET character_set_client = utf8mb4 */;
CREATE TABLE `tripdetails` (
  `trip_id` int NOT NULL AUTO_INCREMENT,
  `order_id` int NOT NULL,
  `actual_trip_status` varchar(50) NOT NULL,
  `fuel_cost` decimal(10,2) NOT NULL,
  `other_expenses` decimal(10,2) DEFAULT NULL,
  `total_cost` decimal(10,2) NOT NULL,
  `revenue` decimal(10,2) NOT NULL,
  PRIMARY KEY (`trip_id`),
  KEY `order_id` (`order_id`),
  CONSTRAINT `tripdetails_ibfk_1` FOREIGN KEY (`order_id`) REFERENCES `order` (`order_id`) ON DELETE CASCADE ON UPDATE CASCADE
) ENGINE=InnoDB AUTO_INCREMENT=133 DEFAULT CHARSET=utf8mb4 COLLATE=utf8mb4_0900_ai_ci;
/*!40101 SET character_set_client = @saved_cs_client */;

--
-- Dumping data for table `tripdetails`
--

LOCK TABLES `tripdetails` WRITE;
/*!40000 ALTER TABLE `tripdetails` DISABLE KEYS */;
INSERT INTO `tripdetails` VALUES (1,1,'Завершено',50.00,10.00,60.00,100.00),(2,2,'У процесі',30.00,5.00,35.00,80.00),(3,3,'У процесі',75.50,15.00,90.50,180.00),(4,4,'Завершено',120.00,25.00,145.00,250.00),(5,5,'У процесі',90.20,12.50,102.70,210.00),(6,6,'Завершено',45.00,8.00,53.00,110.00),(7,7,'Завершено',150.80,30.00,180.80,350.00),(8,8,'У процесі',65.00,10.00,75.00,150.00),(9,9,'Завершено',88.00,18.50,106.50,220.00),(10,10,'У процесі',55.30,7.50,62.80,130.00),(11,11,'Завершено',110.00,20.00,130.00,260.00),(12,12,'Завершено',40.50,6.50,47.00,95.00),(13,13,'У процесі',160.00,35.00,195.00,400.00),(14,14,'Завершено',180.50,45.50,226.00,480.00),(15,15,'У процесі',70.00,11.00,81.00,170.00),(16,16,'Завершено',135.00,28.00,163.00,300.00),(17,17,'У процесі',60.50,9.50,70.00,140.00),(18,18,'Завершено',95.00,14.00,109.00,200.00),(19,19,'У процесі',170.00,40.00,210.00,450.00),(20,20,'Завершено',105.50,22.50,128.00,240.00),(21,21,'У процесі',50.00,6.00,56.00,120.00),(22,22,'Завершено',99.00,19.00,118.00,230.00),(23,23,'У процесі',140.00,28.00,168.00,320.00),(24,24,'Завершено',115.00,21.50,136.50,270.00),(25,25,'У процесі',155.00,32.00,187.00,380.00),(26,26,'Завершено',190.50,50.00,240.50,520.00),(27,27,'У процесі',72.50,13.50,86.00,175.00),(28,28,'Завершено',50.00,7.00,57.00,125.00),(29,29,'У процесі',185.00,42.00,227.00,490.00),(30,30,'Завершено',125.50,26.50,152.00,290.00),(31,31,'У процесі',58.00,8.50,66.50,140.00),(32,32,'Завершено',145.00,31.00,176.00,340.00),(33,33,'У процесі',118.50,23.50,142.00,280.00),(34,34,'Завершено',42.00,6.00,48.00,105.00),(35,35,'У процесі',95.50,16.50,112.00,225.00),(36,36,'Завершено',188.00,48.00,236.00,500.00),(37,37,'У процесі',62.00,11.50,73.50,160.00),(38,38,'Завершено',130.00,27.00,157.00,310.00),(39,39,'У процесі',175.00,38.00,213.00,460.00),(40,40,'Завершено',78.50,14.50,93.00,190.00),(41,41,'У процесі',100.00,18.00,118.00,245.00),(42,42,'Завершено',165.00,33.00,198.00,420.00),(43,43,'У процесі',122.50,24.50,147.00,300.00),(44,44,'Завершено',55.00,8.00,63.00,135.00),(45,45,'У процесі',195.00,48.50,243.50,550.00),(46,46,'Завершено',138.50,29.50,168.00,360.00),(47,47,'У процесі',85.00,14.00,99.00,205.00),(48,48,'Завершено',112.00,21.00,133.00,265.00),(49,49,'У процесі',70.00,10.50,80.50,165.00),(50,50,'Завершено',158.00,36.00,194.00,410.00),(51,51,'У процесі',180.00,40.00,220.00,470.00),(52,52,'Завершено',92.50,15.50,108.00,215.00),(53,53,'У процесі',165.50,35.50,201.00,430.00),(54,54,'Завершено',68.00,9.00,77.00,160.00),(55,55,'У процесі',105.00,19.50,124.50,255.00),(56,56,'Завершено',142.50,31.50,174.00,370.00),(57,57,'У процесі',190.00,45.00,235.00,500.00),(58,58,'Завершено',80.00,11.00,91.00,185.00),(59,59,'У процесі',115.50,22.00,137.50,285.00),(60,60,'Завершено',150.00,33.00,183.00,390.00),(61,61,'У процесі',98.00,17.50,115.50,235.00),(62,62,'Завершено',50.50,6.50,57.00,115.00),(63,63,'У процесі',170.00,38.00,208.00,440.00),(64,64,'Завершено',128.00,26.00,154.00,320.00),(65,65,'У процесі',85.00,14.50,99.50,200.00),(66,66,'Завершено',48.00,7.00,55.00,110.00),(67,67,'У процесі',155.00,34.00,189.00,400.00),(68,68,'Завершено',110.50,21.50,132.00,275.00),(69,69,'У процесі',92.00,16.00,108.00,220.00),(70,70,'Завершено',178.50,40.50,219.00,460.00),(71,71,'У процесі',135.00,29.00,164.00,345.00),(72,72,'Завершено',53.50,7.50,61.00,125.00),(73,73,'У процесі',185.00,42.50,227.50,480.00),(74,74,'Завершено',118.00,24.00,142.00,300.00),(75,75,'У процесі',75.00,13.00,88.00,175.00),(76,76,'Завершено',160.50,36.50,197.00,410.00),(77,77,'У процесі',55.00,8.00,63.00,130.00),(78,78,'Завершено',132.50,28.50,161.00,335.00),(79,79,'У процесі',175.00,39.50,214.50,450.00),(80,80,'Завершено',99.00,18.00,117.00,240.00),(81,81,'У процесі',125.00,25.00,150.00,315.00),(82,82,'Завершено',168.00,37.00,205.00,435.00),(83,83,'У процесі',88.00,15.00,103.00,210.00),(84,84,'Завершено',51.00,6.00,57.00,120.00),(85,85,'У процесі',195.00,44.00,239.00,510.00),(86,86,'Завершено',112.50,23.50,136.00,280.00),(87,87,'У процесі',158.00,35.00,193.00,405.00),(88,88,'Завершено',72.00,12.00,84.00,170.00),(89,89,'У процесі',138.50,29.50,168.00,355.00),(90,90,'Завершено',182.00,41.00,223.00,475.00),(91,91,'У процесі',95.00,16.00,111.00,225.00),(92,92,'Завершено',58.50,8.50,67.00,135.00),(93,93,'У процесі',162.00,36.00,198.00,415.00),(94,94,'Завершено',120.00,25.00,145.00,305.00),(95,95,'У процесі',78.00,13.00,91.00,195.00),(96,96,'Завершено',148.50,32.50,181.00,385.00),(97,97,'У процесі',198.00,46.00,244.00,525.00),(98,98,'Завершено',85.50,14.50,100.00,215.00),(99,99,'У процесі',129.00,27.00,156.00,330.00),(100,100,'Завершено',172.50,38.50,211.00,445.00),(101,101,'У процесі',99.50,19.50,119.00,250.00),(102,102,'Завершено',65.00,9.00,74.00,155.00),(103,103,'У процесі',178.00,39.00,217.00,455.00),(104,104,'Завершено',91.50,14.50,106.00,220.00),(105,105,'У процесі',135.50,28.50,164.00,340.00),(106,106,'Завершено',185.00,41.00,226.00,485.00),(107,107,'У процесі',105.00,20.00,125.00,260.00),(108,108,'Завершено',55.00,7.00,62.00,125.00),(109,109,'У процесі',165.00,37.00,202.00,425.00),(110,110,'Завершено',130.00,26.00,156.00,325.00),(111,111,'У процесі',88.00,15.00,103.00,215.00),(112,112,'Завершено',61.50,8.50,70.00,145.00),(113,113,'У процесі',190.50,43.50,234.00,495.00),(114,114,'Завершено',140.00,30.00,170.00,350.00),(115,115,'У процесі',112.50,22.50,135.00,280.00),(116,116,'Завершено',75.00,11.00,86.00,180.00),(117,117,'У процесі',150.00,33.00,183.00,380.00),(118,118,'Завершено',122.00,25.00,147.00,305.00),(119,119,'У процесі',170.00,38.00,208.00,440.00),(120,120,'Завершено',99.00,16.00,115.00,235.00),(121,121,'У процесі',65.50,9.50,75.00,155.00),(122,122,'Завершено',145.50,31.50,177.00,365.00),(123,123,'У процесі',182.00,40.00,222.00,470.00),(124,124,'Завершено',105.00,18.00,123.00,255.00),(125,125,'У процесі',78.50,12.50,91.00,190.00),(126,126,'Завершено',160.00,35.00,195.00,405.00),(127,127,'У процесі',115.00,23.00,138.00,290.00),(128,128,'Завершено',50.00,6.00,56.00,115.00),(129,129,'У процесі',195.00,45.00,240.00,510.00),(130,130,'Завершено',138.00,29.00,167.00,345.00),(131,131,'У процесі',85.00,14.00,99.00,200.00),(132,132,'Завершено',169.50,37.50,207.00,430.00);
/*!40000 ALTER TABLE `tripdetails` ENABLE KEYS */;
UNLOCK TABLES;

--
-- Table structure for table `triplog`
--

DROP TABLE IF EXISTS `triplog`;
/*!40101 SET @saved_cs_client     = @@character_set_client */;
/*!50503 SET character_set_client = utf8mb4 */;
CREATE TABLE `triplog` (
  `login_id` int NOT NULL AUTO_INCREMENT,
  `trip_id` int NOT NULL,
  `order_id` int NOT NULL,
  `actual_departure_time` datetime NOT NULL,
  `actual_arrival_time` datetime NOT NULL,
  `driver_comments` text,
  PRIMARY KEY (`login_id`),
  KEY `trip_id` (`trip_id`),
  KEY `fk_triplog_order` (`order_id`),
  CONSTRAINT `fk_triplog_order` FOREIGN KEY (`order_id`) REFERENCES `order` (`order_id`) ON DELETE CASCADE ON UPDATE CASCADE
) ENGINE=InnoDB AUTO_INCREMENT=207 DEFAULT CHARSET=utf8mb4 COLLATE=utf8mb4_0900_ai_ci;
/*!40101 SET character_set_client = @saved_cs_client */;

--
-- Dumping data for table `triplog`
--

LOCK TABLES `triplog` WRITE;
/*!40000 ALTER TABLE `triplog` DISABLE KEYS */;
INSERT INTO `triplog` VALUES (103,1,3,'2025-11-01 08:00:00','2025-11-01 12:00:00','Все пройшло добре'),(104,2,4,'2025-11-02 09:00:00','2025-11-02 13:30:00','Затримка через трафік'),(105,3,5,'2025-11-03 10:30:00','2025-11-03 18:00:00','Невелика затримка на завантаженні, далі без проблем'),(106,4,6,'2025-11-04 06:00:00','2025-11-04 17:30:00','Кордон пройдено швидко, прибув раніше плану'),(107,5,7,'2025-11-05 15:30:00','2025-11-05 20:45:00','Все за планом, вантаж доставлено'),(108,6,8,'2025-11-06 09:15:00','2025-11-06 16:45:00','Виконано, час прибуття збігається з планом'),(109,7,9,'2025-11-07 07:00:00','2025-11-07 15:45:00','Був сильний туман, але прибув вчасно'),(110,8,10,'2025-11-08 11:00:00','2025-11-09 01:00:00','Затримка через тривале очікування на розвантаження'),(111,9,11,'2025-11-09 07:30:00','2025-11-10 00:00:00','Нічний переїзд. Погода нормальна.'),(112,10,12,'2025-11-10 14:15:00','2025-11-10 20:45:00','Невелике перевищення часу через пробки на в\'їзді'),(113,11,13,'2025-11-11 10:00:00','2025-11-11 23:30:00','Все добре, вантаж без пошкоджень'),(114,12,14,'2025-11-12 08:30:00','2025-11-12 14:45:00','Завершено, без зауважень'),(115,13,15,'2025-11-13 04:30:00','2025-11-14 06:15:00','Митний контроль зайняв 2 години. Вантаж передано.'),(116,14,16,'2025-11-14 12:00:00','2025-11-16 10:30:00','Довгий рейс, все в межах норм часу'),(117,15,17,'2025-11-15 06:45:00','2025-11-15 14:45:00','Прибув вчасно, вивантаження пройшло швидко'),(118,16,18,'2025-11-16 18:00:00','2025-11-17 11:30:00','Нічний переїзд. Без пригод.'),(119,17,19,'2025-11-17 11:30:00','2025-11-17 16:15:00','Незначна затримка на 20 хв через дорожні роботи'),(120,18,20,'2025-11-18 09:30:00','2025-11-18 18:00:00','Доставив вантаж в межах графіку'),(121,19,21,'2025-11-19 10:15:00','2025-11-20 18:30:00','Митниця в Берліні зайняла 3 години. Потрібно врахувати наступного разу.'),(122,20,22,'2025-11-20 13:00:00','2025-11-20 20:30:00','Без проблем, доставлено вчасно'),(123,21,23,'2025-11-21 14:30:00','2025-11-21 18:45:00','Прибув раніше плану'),(124,22,24,'2025-11-22 13:00:00','2025-11-22 21:30:00','Все пройшло добре, дорога в нормі'),(125,23,25,'2025-11-23 08:00:00','2025-11-23 20:30:00','Затримка 30 хв на кордоні з MD'),(126,24,26,'2025-11-24 09:00:00','2025-11-25 04:30:00','Нічне розвантаження. Виконано.'),(127,25,27,'2025-11-25 06:30:00','2025-11-26 15:00:00','Довгий рейс, все в нормі. Без проблем на кордоні.'),(128,26,28,'2025-11-26 14:00:00','2025-11-30 08:00:00','Вантаж ADR, без затримок. Потрібен відпочинок.'),(129,27,29,'2025-11-27 10:15:00','2025-11-27 20:45:00','Вантаж доставлено в рефрижераторі, t° в нормі'),(130,28,30,'2025-11-28 16:00:00','2025-11-28 19:45:00','Виконано швидко'),(131,29,31,'2025-11-29 07:00:00','2025-11-30 05:45:00','Кордон CZ зайняв більше часу, ніж очікувалося'),(132,30,32,'2025-11-30 10:30:00','2025-12-01 08:00:00','Все добре. Прибув з невеликим випередженням графіку.'),(133,31,33,'2025-12-01 09:30:00','2025-12-01 13:45:00','Короткий міжнародний рейс. Все чітко.'),(134,32,34,'2025-12-02 10:00:00','2025-12-03 01:30:00','Нічне прибуття, без проблем з вивантаженням'),(135,33,35,'2025-12-03 15:00:00','2025-12-04 10:30:00','Митниця у Вроцлаві затримала на 1 годину'),(136,34,36,'2025-12-04 11:00:00','2025-12-04 18:30:00','Виконано вчасно, вантаж здано'),(137,35,37,'2025-12-05 09:00:00','2025-12-05 15:45:00','Прибув раніше плану'),(138,36,38,'2025-12-06 05:15:00','2025-12-07 03:30:00','Дальній рейс, втомлений, але доставив вчасно'),(139,37,39,'2025-12-07 18:30:00','2025-12-08 03:00:00','Нічний переїзд. Дорожні умови задовільні.'),(140,38,40,'2025-12-08 06:30:00','2025-12-09 04:00:00','Затримка через снігопад в Польщі, прибув пізніше на 30 хв'),(141,39,41,'2025-12-09 11:00:00','2025-12-10 20:30:00','Довга поїздка до Мюнхена, без критичних затримок'),(142,40,42,'2025-12-10 09:30:00','2025-12-10 17:00:00','Все за планом'),(143,41,43,'2025-12-11 12:00:00','2025-12-12 00:30:00','Вантаж закріплено надійно, нічний переїзд'),(144,42,44,'2025-12-12 07:00:00','2025-12-13 01:30:00','Вантаж здано без зауважень'),(145,43,45,'2025-12-13 09:30:00','2025-12-14 04:45:00','Проблем з рефрижератором не було. Доставив вчасно.'),(146,44,46,'2025-12-14 13:00:00','2025-12-14 17:45:00','Виконано, прибув раніше'),(147,45,47,'2025-12-15 11:00:00','2025-12-17 09:00:00','Митниця зайняла 1.5 години. Вантаж запечатаний.'),(148,46,48,'2025-12-16 14:30:00','2025-12-17 05:00:00','Вантаж прибув в рефрижераторі, t° в нормі'),(149,47,49,'2025-12-17 12:00:00','2025-12-17 19:45:00','Без проблем'),(150,48,50,'2025-12-18 16:00:00','2025-12-19 02:30:00','Нічний рейс. Дорога чиста.'),(151,49,51,'2025-12-19 16:30:00','2025-12-20 00:00:00','Все добре'),(152,50,52,'2025-12-20 14:00:00','2025-12-21 00:45:00','Виконано, в межах графіку'),(153,51,53,'2025-12-21 08:00:00','2025-12-21 12:15:00','Прибув вчасно, без затримок'),(154,52,54,'2025-12-22 09:15:00','2025-12-22 13:45:00','Затримка 15 хвилин на вивантаженні'),(155,53,55,'2025-12-23 10:30:00','2025-12-23 17:45:00','Прибув вчасно, вантаж здано'),(156,54,56,'2025-12-24 06:15:00','2025-12-24 16:45:00','Кордон PL пройшов без затримок'),(157,55,57,'2025-12-25 15:00:00','2025-12-25 20:15:00','Невелика затримка на завантаженні (30 хв)'),(158,56,58,'2025-12-26 09:00:00','2025-12-26 16:30:00','Все за планом, прибув в межах графіку'),(159,57,59,'2025-12-27 07:15:00','2025-12-27 15:30:00','Дорожні роботи спричинили незначну затримку (10 хв)'),(160,58,60,'2025-12-28 11:15:00','2025-12-29 02:30:00','Довге очікування на розмитнення, прибув пізніше'),(161,59,61,'2025-12-29 07:45:00','2025-12-30 00:15:00','Нічний переїзд, дорога чиста'),(162,60,62,'2025-12-30 14:00:00','2025-12-30 20:15:00','Без пригод, доставлено швидко'),(163,61,63,'2025-12-31 10:15:00','2025-12-31 23:45:00','Святковий трафік, але вклався у графік'),(164,62,64,'2026-01-01 08:45:00','2026-01-01 14:30:00','Новорічний рейс, все спокійно'),(165,63,65,'2026-01-02 04:15:00','2026-01-03 06:30:00','Митний контроль на CZ/DE зайняв 2,5 години'),(166,64,66,'2026-01-04 11:00:00','2026-01-04 18:45:00','Виконано вчасно'),(167,65,67,'2026-01-05 09:15:00','2026-01-05 15:45:00','Вантаж ADR, без порушень'),(168,66,68,'2026-01-06 18:15:00','2026-01-07 12:30:00','Нічний переїзд. Погода погіршилася вночі.'),(169,67,69,'2026-01-08 11:45:00','2026-01-08 16:00:00','Все добре'),(170,68,70,'2026-01-09 09:45:00','2026-01-09 18:15:00','Прибув раніше на 15 хв'),(171,69,71,'2026-01-10 10:00:00','2026-01-11 18:45:00','Довгий міжнародний рейс, без проблем на митниці'),(172,70,72,'2026-01-11 13:15:00','2026-01-11 20:15:00','Завершено, час в нормі'),(173,71,73,'2026-01-12 14:15:00','2026-01-12 18:45:00','Прибув вчасно, вантаж с/г інструменту здано'),(174,72,74,'2026-01-13 13:15:00','2026-01-13 21:15:00','Все добре'),(175,73,75,'2026-01-14 08:15:00','2026-01-14 20:15:00','Кордон з MD зайняв рівно 2 години'),(176,74,76,'2026-01-15 09:15:00','2026-01-16 04:15:00','Нічне розвантаження без затримок'),(177,75,77,'2026-01-16 06:45:00','2026-01-17 14:15:00','Митниця PL пройшла швидко, рейс виконано'),(178,76,78,'2026-01-17 14:00:00','2026-01-21 07:45:00','Дальній рейс. Дорога через Грузію була складною.'),(179,77,79,'2026-01-18 10:15:00','2026-01-18 20:45:00','Рефрижератор працював стабільно, температура в нормі'),(180,78,80,'2026-01-19 16:15:00','2025-10-25 20:15:00','Вантаж здано без пошкоджень'),(181,79,81,'2026-01-20 07:15:00','2026-01-21 05:30:00','Проблеми на кордоні з CZ, затримка 4 години'),(182,80,82,'2026-01-21 10:45:00','2026-01-22 08:45:00','Вчасно, без зауважень'),(183,81,83,'2026-01-22 09:45:00','2026-01-22 13:45:00','Швидкий рейс'),(184,82,84,'2026-01-23 10:15:00','2026-01-24 01:45:00','Доставив вночі, без проблем з доступом'),(185,83,85,'2026-01-24 15:15:00','2026-01-25 10:45:00','Невелика затримка на завантаженні (1 година)'),(186,84,86,'2026-01-25 11:15:00','2026-01-25 19:15:00','Виконано, час прибуття збігається з планом'),(187,85,87,'2026-01-26 05:15:00','2026-01-27 19:15:00','Рейс до NL, пройшов гладко'),(188,86,88,'2026-01-27 13:15:00','2026-01-27 21:15:00','Все добре'),(189,87,89,'2026-01-28 11:15:00','2026-01-29 02:45:00','Вантаж здано, холодильна установка працювала стабільно'),(190,88,90,'2026-01-29 14:15:00','2026-01-29 18:15:00','Без проблем'),(191,89,91,'2026-01-30 04:15:00','2026-02-01 07:15:00','Дальній рейс, без критичних затримок'),(192,90,92,'2026-02-01 10:15:00','2026-02-01 17:45:00','Все за планом'),(193,91,93,'2026-02-02 11:15:00','2026-02-03 04:15:00','Нічний переїзд. Без пригод.'),(194,92,94,'2026-02-03 09:15:00','2026-02-04 03:15:00','Затримка через снігопад, прибув пізніше на 1 годину'),(195,93,95,'2026-02-04 13:15:00','2026-02-04 16:30:00','Короткий рейс, виконано швидко'),(196,94,96,'2026-02-05 15:15:00','2026-02-06 01:15:00','Все добре'),(197,95,97,'2026-02-06 14:15:00','2026-02-07 00:30:00','Затримка на 30 хв на розвантаженні'),(198,96,98,'2026-02-07 10:30:00','2026-02-07 16:00:00','Прибув вчасно, без зауважень'),(199,97,99,'2026-02-08 07:15:00','2026-02-09 10:45:00','Митниця RU/KZ зайняла багато часу, але вклався у графік'),(200,98,100,'2026-02-09 11:30:00','2026-02-10 09:00:00','Рейс до PL, без проблем'),(201,99,101,'2026-02-10 15:15:00','2026-02-11 20:15:00','Все добре'),(202,100,102,'2026-02-11 09:00:00','2026-02-11 13:00:00','Прибув вчасно'),(203,101,103,'2026-02-12 12:00:00','2026-02-12 16:30:00','Невелика затримка через трафік'),(204,102,104,'2026-02-13 09:30:00','2026-02-13 13:45:00','Все пройшло добре'),(205,103,1,'2026-02-14 09:30:00','2026-02-15 13:45:00','Прибув вчасно'),(206,104,2,'2026-02-15 17:30:00','2026-02-16 13:45:00','Рейс до PL, без проблем');
/*!40000 ALTER TABLE `triplog` ENABLE KEYS */;
UNLOCK TABLES;

--
-- Table structure for table `vehicle`
--

DROP TABLE IF EXISTS `vehicle`;
/*!40101 SET @saved_cs_client     = @@character_set_client */;
/*!50503 SET character_set_client = utf8mb4 */;
CREATE TABLE `vehicle` (
  `vehicle_id` int NOT NULL AUTO_INCREMENT,
  `registration_number` varchar(50) NOT NULL,
  `vehicle_type` varchar(200) NOT NULL,
  `make` varchar(100) NOT NULL,
  `model` varchar(100) NOT NULL,
  `technical_characteristics` text,
  `status` varchar(50) NOT NULL,
  PRIMARY KEY (`vehicle_id`),
  UNIQUE KEY `registration_number` (`registration_number`)
) ENGINE=InnoDB AUTO_INCREMENT=281 DEFAULT CHARSET=utf8mb4 COLLATE=utf8mb4_0900_ai_ci;
/*!40101 SET character_set_client = @saved_cs_client */;

--
-- Dumping data for table `vehicle`
--

LOCK TABLES `vehicle` WRITE;
/*!40000 ALTER TABLE `vehicle` DISABLE KEYS */;
INSERT INTO `vehicle` VALUES (1,'AA0001','Truck','Mercedes','Actros','Двигун 450 к.с., 18 тонн','Available'),(2,'AA0002','Van','Ford','Transit','Двигун 150 к.с., 3 тонни','Available'),(3,'AA0003','Truck','MAN','TGX','Двигун 480 к.с., 20 тонн','In Repair'),(4,'AA0004','Van','Volkswagen','Crafter','Двигун 140 к.с., 3.5 тонни','Available'),(5,'AA0005','Truck','Scania','R450','Двигун 450 к.с., 18 тонн','Available'),(6,'AA0006','Van','Mercedes','Sprinter','Двигун 160 к.с., 3 тонни','In Repair'),(7,'AA0007','Truck','Volvo','FH16','Двигун 550 к.с., 25 тонн','Available'),(8,'AA0008','Van','Renault','Master','Двигун 150 к.с., 3 тонни','Available'),(9,'AA0009','Truck','Iveco','Stralis','Двигун 460 к.с., 18 тонн','In Repair'),(10,'AA0010','Van','Fiat','Ducato','Двигун 140 к.с., 3 тонни','Available'),(11,'AA0011','Truck','DAF','XF','Двигун 480 к.с., 20 тонн','Available'),(12,'AA0012','Van','Peugeot','Boxer','Двигун 160 к.с., 3.5 тонни','Available'),(13,'AA0013','Truck','Mercedes','Arocs','Двигун 510 к.с., 25 тонн','Available'),(14,'AA0014','Van','Citroen','Jumper','Двигун 140 к.с., 3 тонни','In Repair'),(15,'AA0015','Truck','Scania','S500','Двигун 500 к.с., 20 тонн','Available'),(16,'AA0016','Van','Opel','Movano','Двигун 150 к.с., 3 тонни','Available'),(17,'AA0017','Truck','MAN','TGS','Двигун 440 к.с., 18 тонн','Available'),(18,'AA0018','Van','Ford','Custom','Двигун 130 к.с., 2.8 тонни','In Use'),(19,'AA0019','Truck','Volvo','FM','Двигун 460 к.с., 18 тонн','In Repair'),(20,'AA0020','Van','Volkswagen','T6','Двигун 150 к.с., 2.5 тонни','Available'),(21,'AA0021','Truck','Iveco','Eurocargo','Двигун 320 к.с., 12 тонн','Available'),(22,'AA0022','Van','Renault','Trafic','Двигун 120 к.с., 2.8 тонни','Available'),(23,'AA0023','Truck','DAF','CF','Двигун 450 к.с., 18 тонн','In Use'),(24,'AA0024','Van','Mercedes','Vito','Двигун 190 к.с., 2.8 тонни','Available'),(25,'AA0025','Truck','MAN','TGM','Двигун 340 к.с., 15 тонн','Available'),(26,'AA0026','Van','Fiat','Scudo','Двигун 145 к.с., 2.5 тонни','In Repair'),(27,'AA0027','Truck','Scania','P410','Двигун 410 к.с., 15 тонн','Available'),(28,'AA0028','Van','Nissan','NV400','Двигун 145 к.с., 3.5 тонни','Available'),(29,'AA0029','Truck','Volvo','FE','Двигун 380 к.с., 16 тонн','In Use'),(30,'AA0030','Van','Toyota','Proace','Двигун 150 к.с., 2.8 тонни','Available'),(31,'AA0031','Truck','Mercedes','Actros L','Двигун 530 к.с., 20 тонн, Євро-6','Available'),(32,'AA0032','Van','Ford','Transit Connect','Двигун 100 к.с., 1.5 тонни','In Use'),(33,'AA0033','Truck','MAN','TGE','Двигун 180 к.с., 5.5 тонн','Available'),(34,'AA0034','Van','Volkswagen','Caddy Cargo','Двигун 122 к.с., 1.8 тонни','Available'),(35,'AA0035','Truck','Scania','G460','Двигун 460 к.с., 18 тонн, цистерна','In Repair'),(36,'AA0036','Van','Mercedes','Citan','Двигун 110 к.с., 2.2 тонни','Available'),(37,'AA0037','Truck','Volvo','FH Globetrotter','Двигун 500 к.с., 22 тонни, рефрижератор','In Use'),(38,'AA0038','Van','Renault','Kangoo Express','Двигун 95 к.с., 1.6 тонни','Available'),(39,'AA0039','Truck','Iveco','Daily','Двигун 210 к.с., 7.2 тонни','Available'),(40,'AA0040','Van','Fiat','Talento','Двигун 145 к.с., 2.7 тонни','In Repair'),(41,'AA0041','Truck','DAF','LF','Двигун 290 к.с., 12 тонн','Available'),(42,'AA0042','Van','Peugeot','Partner','Двигун 130 к.с., 1.9 тонни','Available'),(43,'AA0043','Truck','Kenworth','T680','Двигун Paccar 500 к.с., 25 тонн, тягач','In Use'),(44,'AA0044','Van','Citroen','Berlingo','Двигун 110 к.с., 1.8 тонни','Available'),(45,'AA0045','Truck','Peterbilt','579','Двигун Cummins X15, 565 к.с., 25 тонн','Available'),(46,'AA0046','Van','Opel','Vivaro','Двигун 145 к.с., 2.9 тонни','In Repair'),(47,'AA0047','Truck','Mack','Anthem','Двигун MP8, 445 к.с., 20 тонн','Available'),(48,'AA0048','Van','Hyundai','H350','Двигун 170 к.с., 3.5 тонни','Available'),(49,'AA0049','Truck','Freightliner','Cascadia','Двигун Detroit DD15, 505 к.с., 22 тонни','In Use'),(50,'AA0050','Van','Isuzu','N-Series','Двигун 150 к.с., 3.5 тонни, бортовий','Available'),(51,'AA0051','Truck','Hino','300 Series','Двигун 165 к.с., 7.5 тонн','Available'),(52,'AA0052','Van','Nissan','NV200','Двигун 110 к.с., 2.0 тонни','In Repair'),(53,'AA0053','Truck','Kamaz','5490','Двигун Mercedes-Benz 428 к.с., 18 тонн','Available'),(54,'AA0054','Van','Toyota','Hiace','Двигун 177 к.с., 3.2 тонни','Available'),(55,'AA0055','Truck','ZIL','130','Двигун бензиновий 150 к.с., 6 тонн, раритет','In Repair'),(56,'AA0056','Van','Lada','Largus Van','Двигун 106 к.с., 1.8 тонни','Available'),(57,'AA0057','Truck','MAZ','5440','Двигун ЯМЗ 400 к.с., 18 тонн','In Use'),(58,'AA0058','Van','GMC','Savana Cargo','Двигун V8 285 к.с., 4.2 тонни','Available'),(59,'AA0059','Truck','Tesla','Semi','Електродвигун, запас ходу 800 км, 36 тонн','Available'),(60,'AA0060','Van','Maxus','Deliver 9','Двигун 163 к.с., 3.5 тонни','Available'),(61,'AA0061','Truck','Volvo','FH12','Двигун 420 к.с., 18 тонн, Євро-3','In Repair'),(62,'AA0062','Van','Volkswagen','Amarok (вантажний)','Двигун 204 к.с., 3.0 тонни, пікап','Available'),(63,'AA0063','Truck','DAF','XG+','Двигун 530 к.с., 20 тонн, Кабіна XG+','Available'),(64,'AA0064','Van','Hyundai','Staria Load','Двигун 177 к.с., 3.2 тонни','In Use'),(65,'AA0065','Truck','Mercedes','Econic','Двигун 350 к.с., 26 тонн, сміттєвоз','Available'),(66,'AA0066','Van','GMC','Express Cargo','Двигун V6 276 к.с., 3.8 тонни','Available'),(67,'AA0067','Truck','MAN','Lion\'s Coach (вантажний)','Спец. транспорт, 18 тонн','In Repair'),(68,'AA0068','Van','Ram','ProMaster','Двигун V6 280 к.с., 4.0 тонни','Available'),(69,'AA0069','Truck','Scania','R650 V8','Двигун 650 к.с., 25 тонн, важкий тягач','In Use'),(70,'AA0070','Van','Chery','Karri','Електричний, запас ходу 250 км, 1.5 тонни','Available'),(71,'AA0071','Truck','Iveco','S-Way','Двигун 570 к.с., 20 тонн','Available'),(72,'AA0072','Van','Ford','E-Transit','Електричний, запас ходу 350 км, 3.5 тонни','Available'),(73,'AA0073','Truck','Kamaz','6520','Двигун 400 к.с., 25 тонн, самоскид','In Use'),(74,'AA0074','Van','Peugeot','e-Expert','Електричний, запас ходу 330 км, 1.4 тонни','Available'),(75,'AA0075','Truck','Renault','T High','Двигун 520 к.с., 18 тонн','Available'),(76,'AA0076','Van','Citroen','Jumpy','Двигун 180 к.с., 3.0 тонни','In Repair'),(77,'AA0077','Truck','Volvo','FMX','Двигун 460 к.с., 26 тонн, бетономішалка','Available'),(78,'AA0078','Van','Toyota','Proace City','Двигун 130 к.с., 1.5 тонни','Available'),(79,'AA0079','Truck','MAN','TGX Individual','Двигун 640 к.с., 25 тонн, спецзамовлення','In Use'),(80,'AA0080','Van','Opel','Combo Cargo','Двигун 110 к.с., 1.7 тонни','Available'),(81,'AA0081','Truck','DAF','XD','Двигун 370 к.с., 15 тонн','Available'),(82,'AA0082','Van','Nissan','Interstar','Двигун 180 к.с., 3.5 тонни','Available'),(83,'AA0083','Truck','Mercedes','Zetros','Двигун 480 к.с., 36 тонн, позашляховик','In Use'),(84,'AA0084','Van','Maxus','e-Deliver 3','Електричний, запас ходу 300 км, 1.2 тонни','Available'),(85,'AA0085','Truck','Scania','L360','Двигун 360 к.с., 15 тонн, міський','In Repair'),(86,'AA0086','Van','Lada','Granta Van','Двигун 90 к.с., 1.6 тонни','Available'),(87,'AA0087','Truck','Iveco','T-Way','Двигун 510 к.с., 28 тонн, будівельний','Available'),(88,'AA0088','Van','Chevrolet','Express Cutaway','Двигун V8 401 к.с., 5.0 тонн','Available'),(89,'AA0089','Truck','Volvo','VNR Electric','Електричний, запас ходу 240 км, 15 тонн','Available'),(90,'AA0090','Van','Ford','Tourneo Custom','Двигун 170 к.с., 3.0 тонни, пасажирський (з вант. відсіком)','In Use'),(91,'AA0091','Truck','Renault','C Range','Двигун 440 к.с., 18 тонн, самоскид','Available'),(92,'AA0092','Van','Mercedes','eSprinter','Електричний, запас ходу 150 км, 3.5 тонни','In Use'),(93,'AA0093','Truck','DAF','CF Electric','Електричний, запас ходу 220 км, 12 тонн','Available'),(94,'AA0094','Van','Volkswagen','ID. Buzz Cargo','Електричний, запас ходу 400 км, 2.5 тонни','Available'),(95,'AA0095','Truck','Scania','R410','Двигун 410 к.с., 18 тонн, сідловий тягач','In Repair'),(96,'AA0096','Van','Ford','Transit Trail','Двигун 170 к.с., 3.5 тонни, повний привід','Available'),(97,'AA0097','Truck','MAN','TGM','Двигун 320 к.с., 18 тонн, фургон-борт','Available'),(98,'AA0098','Van','Peugeot','Expert','Двигун 150 к.с., 2.8 тонни','In Use'),(99,'AA0099','Truck','Volvo','FL','Двигун 280 к.с., 12 тонн, рефрижератор','Available'),(100,'AA0100','Van','Citroen','Jumper (L4H3)','Двигун 165 к.с., 4.0 тонни, надвисокий','Available'),(101,'AA0101','Truck','Iveco','Eurotrakker','Двигун 440 к.с., 26 тонн, будівельний міксер','In Repair'),(102,'AA0102','Van','Fiat','e-Ducato','Електричний, запас ходу 280 км, 3.5 тонни','Available'),(103,'AA0103','Truck','Kenworth','W900','Двигун Cummins X15, 605 к.с., 25 тонн, класичний тягач','Available'),(104,'AA0104','Van','Opel','Zafira Life (вантажний)','Двигун 145 к.с., 2.5 тонни','In Use'),(105,'AA0105','Truck','Peterbilt','389','Двигун Paccar MX-13, 510 к.с., 22 тонни','Available'),(106,'AA0106','Van','Renault','Master Z.E.','Електричний, запас ходу 120 км, 3.1 тонни','Available'),(107,'AA0107','Truck','Mack','Granite','Двигун MP7, 395 к.с., 26 тонн, самоскид','In Repair'),(108,'AA0108','Van','Hyundai','Porter II','Двигун 133 к.с., 2.5 тонни, бортовий','Available'),(109,'AA0109','Truck','Freightliner','eCascadia','Електричний, запас ходу 400 км, 36 тонн','Available'),(110,'AA0110','Van','Isuzu','D-Max (вантажний)','Двигун 164 к.с., 3.1 тонни, пікап','In Use'),(111,'AA0111','Truck','Hino','500 Series','Двигун 260 к.с., 15 тонн','Available'),(112,'AA0112','Van','Nissan','Townstar EV','Електричний, запас ходу 285 км, 2.0 тонни','Available'),(113,'AA0113','Truck','Kamaz','65115','Двигун 300 к.с., 15 тонн, самоскид','In Repair'),(114,'AA0114','Van','Toyota','Alphard (вантажний)','Двигун 300 к.с., 2.8 тонни, VIP-вантаж','Available'),(115,'AA0115','Truck','ZIL','4331','Двигун дизельний 185 к.с., 10 тонн','Available'),(116,'AA0116','Van','Lada','Niva Legend Van','Двигун 83 к.с., 1.9 тонни, 4x4','In Use'),(117,'AA0117','Truck','MAZ','6312','Двигун ЯМЗ 430 к.с., 20 тонн, бортовий','Available'),(118,'AA0118','Van','GMC','Vandura','Двигун V8 255 к.с., 3.5 тонни, класичний','Available'),(119,'AA0119','Truck','Tesla','Semi (Long Range)','Електродвигун, запас ходу 950 км, 36 тонн','Available'),(120,'AA0120','Van','Maxus','e-Deliver 9','Електричний, запас ходу 350 км, 4.0 тонни','Available'),(121,'AA0121','Truck','Volvo','FM Electric','Електричний, 490 к.с., 18 тонн','Available'),(122,'AA0122','Van','Volkswagen','Transporter T5','Двигун 140 к.с., 3.0 тонни, рефрижератор','In Repair'),(123,'AA0123','Truck','DAF','FAD CF','Двигун 480 к.с., 32 тонни, 8x4 самоскид','Available'),(124,'AA0124','Van','Hyundai','H-100 (вантажний)','Двигун 130 к.с., 2.5 тонни, бортовий','Available'),(125,'AA0125','Truck','Mercedes','Antos','Двигун 428 к.с., 18 тонн, міський розподіл','In Use'),(126,'AA0126','Van','Ford','Transit Custom PHEV','Гібрид (Plug-in), запас ходу 50 км (EV), 3.4 тонни','Available'),(127,'AA0127','Truck','MAN','TGS Mixer','Двигун 470 к.с., 32 тонни, бетономішалка','Available'),(128,'AA0128','Van','Ram','ProMaster City','Двигун 178 к.с., 2.3 тонни','In Repair'),(129,'AA0129','Truck','Scania','P280','Двигун 280 к.с., 10 тонн, міський','Available'),(130,'AA0130','Van','Chery','eQ1 Cargo','Електричний, запас ходу 150 км, 1.0 тонна','Available'),(131,'AA0131','Truck','Iveco','Daily 4x4','Двигун 180 к.с., 7.0 тонн, повний привід','In Use'),(132,'AA0132','Van','Peugeot','Traveller (вантажний)','Двигун 177 к.с., 2.9 тонни','Available'),(133,'AA0133','Truck','Kamaz','43118','Двигун 300 к.с., 12 тонн, 6x6 всюдихід','Available'),(134,'AA0134','Van','Citroen','Berlingo Electric','Електричний, запас ходу 275 км, 1.8 тонни','Available'),(135,'AA0135','Truck','Renault','K Range','Двигун 520 к.с., 28 тонн, позашляховик','In Repair'),(136,'AA0136','Van','Toyota','Granvia (вантажний)','Двигун 200 к.с., 3.0 тонни','Available'),(137,'AA0137','Truck','Volvo','FH16 Heavy Haulage','Двигун 750 к.с., 100 тонн (автопоїзд)','In Use'),(138,'AA0138','Van','Opel','Vivaro-e','Електричний, запас ходу 330 км, 3.0 тонни','Available'),(139,'AA0139','Truck','DAF','XD Electric','Електричний, 350 к.с., 18 тонн, міський','Available'),(140,'AA0140','Van','Nissan','NV300','Двигун 145 к.с., 3.2 тонни','In Repair'),(141,'AA0141','Truck','Mercedes','Unimog','Двигун 231 к.с., 14 тонн, спецтехніка','Available'),(142,'AA0142','Van','Maxus','G10 Cargo','Двигун 225 к.с., 2.8 тонни','Available'),(143,'AA0143','Truck','MAN','TGL','Двигун 250 к.с., 7.5 тонн, фургон','In Use'),(144,'AA0144','Van','Fiat','Doblo Cargo','Двигун 120 к.с., 1.9 тонни','Available'),(145,'AA0145','Truck','Scania','XT','Двигун 540 к.с., 26 тонн, будівельна версія','Available'),(146,'AA0146','Van','GMC','Savana Passenger (вантажний)','Двигун V8 341 к.с., 4.5 тонни','Available'),(147,'AA0147','Truck','Iveco','Daily CNG','Газовий двигун 136 к.с., 3.5 тонни','In Repair'),(148,'AA0148','Van','Chevrolet','City Express','Двигун 131 к.с., 2.0 тонни','Available'),(149,'AA0149','Truck','Freightliner','M2 106','Двигун Cummins B6.7, 300 к.с., 15 тонн','Available'),(150,'AA0150','Van','Isuzu','Grafter','Двигун 125 к.с., 3.5 тонни, бортовий','In Use'),(151,'AA0151','Truck','Volvo','FH I-Save','Двигун 500 к.с., 20 тонн, паливна ефективність','Available'),(152,'AA0152','Van','Volkswagen','Crafter 4Motion','Двигун 177 к.с., 4.0 тонни, повний привід','Available'),(153,'AA0153','Truck','DAF','XF Super Space Cab','Двигун 510 к.с., 20 тонн, найбільша кабіна','In Use'),(154,'AA0154','Van','Hyundai','Grand Starex Cargo','Двигун 175 к.с., 3.0 тонни','Available'),(155,'AA0155','Truck','Mercedes','Atego','Двигун 238 к.с., 10 тонн, фургон','In Repair'),(156,'AA0156','Van','Ford','Transit Custom Sport','Двигун 185 к.с., 3.2 тонни, спортивна версія','Available'),(157,'AA0157','Truck','MAN','TGE TGE.5180','Двигун 180 к.с., 5.0 тонн, бортовий','Available'),(158,'AA0158','Van','Renault','Alaskan (вантажний)','Двигун 190 к.с., 3.0 тонни, пікап','In Use'),(159,'AA0159','Truck','Scania','P450','Двигун 450 к.с., 18 тонн, міський самоскид','Available'),(160,'AA0160','Van','Peugeot','e-Boxer','Електричний, запас ходу 224 км, 3.5 тонни','Available'),(161,'AA0161','Truck','Iveco','Stralis NP','Газовий двигун (LNG/CNG), 460 к.с., 18 тонн','Available'),(162,'AA0162','Van','Citroen','e-Jumpy','Електричний, запас ходу 330 км, 3.1 тонни','In Repair'),(163,'AA0163','Truck','Kenworth','T880','Двигун Paccar 510 к.с., 25 тонн, бетононасос','Available'),(164,'AA0164','Van','Opel','Combo-e Cargo','Електричний, запас ходу 275 км, 1.8 тонни','Available'),(165,'AA0165','Truck','Peterbilt','567','Двигун Cummins X15, 525 к.с., 26 тонн, будівельний','In Use'),(166,'AA0166','Van','Toyota','Hiace Commuter (вантажний)','Двигун 2.8 л дизель, 3.5 тонни','Available'),(167,'AA0167','Truck','Mack','TerraPro','Двигун MP7, 325 к.с., 20 тонн, фронтальний сміттєвоз','Available'),(168,'AA0168','Van','Nissan','e-NV200','Електричний, запас ходу 200 км, 2.2 тонни','Available'),(169,'AA0169','Truck','Freightliner','Coronado','Двигун Detroit DD16, 600 к.с., 25 тонн, магістральний','In Repair'),(170,'AA0170','Van','Isuzu','NPR','Двигун 5.2 л дизель, 7.5 тонн, шасі','Available'),(171,'AA0171','Truck','Hino','700 Series','Двигун 450 к.с., 26 тонн, сідловий тягач','Available'),(172,'AA0172','Van','Lada','Largus Kub','Двигун 106 к.с., 2.0 тонни, високий дах','In Use'),(173,'AA0173','Truck','Kamaz','6580','Двигун 450 к.с., 32 тонни, 6x4 самоскид','Available'),(174,'AA0174','Van','Fiat','E-Scudo','Електричний, запас ходу 330 км, 2.7 тонни','Available'),(175,'AA0175','Truck','ZIL','5301 \'Bychok\'','Двигун дизельний 130 к.с., 7 тонн','In Repair'),(176,'AA0176','Van','Chevrolet','Express Cargo Van','Двигун V8 276 к.с., 4.0 тонни','Available'),(177,'AA0177','Truck','MAZ','5340','Двигун ЯМЗ 330 к.с., 15 тонн, бортовий','Available'),(178,'AA0178','Van','GMC','Safari Cargo','Двигун V6 190 к.с., 2.8 тонни','In Use'),(179,'AA0179','Truck','Tesla','Semi (Day Cab)','Електродвигун, запас ходу 500 км, 36 тонн','Available'),(180,'AA0180','Van','Maxus','Deliver 9 Chassis','Двигун 163 к.с., 5.0 тонн, шасі для надбудов','Available');
/*!40000 ALTER TABLE `vehicle` ENABLE KEYS */;
UNLOCK TABLES;
/*!40103 SET TIME_ZONE=@OLD_TIME_ZONE */;

/*!40101 SET SQL_MODE=@OLD_SQL_MODE */;
/*!40014 SET FOREIGN_KEY_CHECKS=@OLD_FOREIGN_KEY_CHECKS */;
/*!40014 SET UNIQUE_CHECKS=@OLD_UNIQUE_CHECKS */;
/*!40101 SET CHARACTER_SET_CLIENT=@OLD_CHARACTER_SET_CLIENT */;
/*!40101 SET CHARACTER_SET_RESULTS=@OLD_CHARACTER_SET_RESULTS */;
/*!40101 SET COLLATION_CONNECTION=@OLD_COLLATION_CONNECTION */;
/*!40111 SET SQL_NOTES=@OLD_SQL_NOTES */;

-- Dump completed on 2025-11-13  0:40:45
